,index,block,rank,F_tr,F_rt,log_loss,mse,nmse,dataset,subject,session
0,0,1,"(2, 2, 2)",0.005878434590944099,0.02939429452307035,0.2154516742975236,0.9450439257878611,0.9450439257878611,BNCI2014-004,1,0train
1,1,2,"(3, 4, 4)",0.0010182890188395076,0.07082975159270456,0.07114108591744119,0.7220888719382931,0.7220888719382931,BNCI2014-004,1,0train
2,2,3,"(1, 1, 1)",0.0010235081248320724,0.0730248100321275,0.05571427166526043,0.7198967047820488,0.7198967047820488,BNCI2014-004,1,0train
3,3,4,"(1, 1, 1)",0.001026946728877815,0.07409366483839251,0.052476268407205456,0.7169552993818977,0.7169552993818977,BNCI2014-004,1,0train
4,4,5,"(1, 1, 1)",0.0010294200420712185,0.07491072576260288,0.05736965331903357,0.7155007098513907,0.7155007098513907,BNCI2014-004,1,0train
5,5,6,"(1, 1, 1)",0.001032752206350752,0.07609589125114957,0.04566978184092411,0.7109377910860871,0.7109377910860871,BNCI2014-004,1,0train
6,6,7,"(1, 1, 1)",0.0010359127910750182,0.07695884874206255,0.04880308842300663,0.7078899708571219,0.7078899708571219,BNCI2014-004,1,0train
7,7,8,"(3, 4, 16)",0.00030871298123683034,0.11966990059887915,0.010620020309413898,0.11239129536374491,0.11239129536374491,BNCI2014-004,1,0train
8,8,9,"(2, 2, 2)",0.00030876661082459656,0.122327995504206,0.01021518585305681,0.11068441440801911,0.11068441440801911,BNCI2014-004,1,0train
9,9,10,"(1, 1, 1)",0.00030879395155908556,0.12266508193135973,0.01240343860253222,0.109259124402523,0.109259124402523,BNCI2014-004,1,0train
10,0,1,"(2, 2, 2)",0.002643943113737161,0.017704512910167575,0.371573416631132,0.9581452764504286,0.9581452764504289,BNCI2014-004,1,1train
11,1,2,"(3, 4, 4)",0.000554970301752534,0.047270252605393456,0.12993945244881402,0.7067852762152229,0.7067852762152231,BNCI2014-004,1,1train
12,2,3,"(3, 4, 18)",0.00015320142576432896,0.07634031402569107,0.03938638537678812,0.0007043310559401449,0.0007043310559401451,BNCI2014-004,1,1train
13,3,4,"(3, 4, 16)",0.00015324662544042176,0.11738387050033945,0.022092003539099483,0.00022927307446545556,0.00022927307446545564,BNCI2014-004,1,1train
14,4,5,"(3, 4, 8)",0.0001532472057364258,0.1359174329877021,0.01292639970827207,0.00019854606738944414,0.0001985460673894442,BNCI2014-004,1,1train
15,5,6,"(3, 4, 4)",0.00015324762228720301,0.14487136108452095,0.008653260474724813,0.00018853381485438913,0.00018853381485438918,BNCI2014-004,1,1train
16,6,7,"(3, 4, 8)",0.00015324786177807457,0.1622936063534493,0.004745273384074442,0.00016216097140442023,0.0001621609714044203,BNCI2014-004,1,1train
17,7,8,"(3, 4, 16)",0.00015324811528332047,0.1957027888476619,0.0010735687348221812,0.00011981721998018994,0.00011981721998018998,BNCI2014-004,1,1train
18,8,9,"(3, 4, 16)",0.00015324816801204184,0.22780308406532043,0.00025351034648298974,6.778890647277128e-05,6.778890647277131e-05,BNCI2014-004,1,1train
19,9,10,"(3, 4, 4)",0.00015324821462951707,0.23567896531200838,0.0001753805439584534,5.111213143896828e-05,5.11121314389683e-05,BNCI2014-004,1,1train
20,0,1,"(1, 1, 1)",0.009878546217373997,0.01951012877931365,0.24334929649064208,0.9698168683943434,0.9698168683943432,BNCI2014-004,1,2train
21,1,2,"(3, 4, 4)",0.0006439406626997527,0.04156230186363145,0.10444765475698796,0.7571238470833703,0.7571238470833701,BNCI2014-004,1,2train
22,2,3,"(3, 4, 18)",0.0001379003701247433,0.06829007784954805,0.028686245055833597,0.0005151444173482483,0.0005151444173482482,BNCI2014-004,1,2train
23,3,4,"(3, 4, 18)",0.00013788651972693284,0.1005755686726369,0.0064100891077104784,2.7446862639961436e-07,2.744686263996143e-07,BNCI2014-004,1,2train
24,4,5,"(1, 1, 1)",0.00013788652028940757,0.10070516967515063,0.007389694015906179,2.7379060262782297e-07,2.737906026278229e-07,BNCI2014-004,1,2train
25,5,6,"(3, 4, 16)",0.00013788649565647345,0.1236243174055704,0.002177030903935919,5.4032240805041634e-08,5.403224080504162e-08,BNCI2014-004,1,2train
26,6,7,"(1, 1, 1)",0.0001378864956579409,0.12373530130199213,0.0019639783017780495,5.304870407838832e-08,5.3048704078388306e-08,BNCI2014-004,1,2train
27,7,8,"(1, 1, 1)",0.00013788649567613218,0.12384621335685793,0.0019254608872418602,5.2779938172915556e-08,5.277993817291554e-08,BNCI2014-004,1,2train
28,8,9,"(1, 1, 1)",0.00013788649567728043,0.1239570537248406,0.0017336720051822,5.1761942835360746e-08,5.176194283536073e-08,BNCI2014-004,1,2train
29,9,10,"(1, 1, 1)",0.00013788649568758285,0.12406782260559052,0.0018942606777800249,5.006290086547765e-08,5.0062900865477637e-08,BNCI2014-004,1,2train
30,0,1,"(3, 4, 4)",0.0006150657063176508,0.041238805622651496,0.12958011784577622,0.7280016087893957,0.7280016087893957,BNCI2014-004,1,3test
31,1,2,"(2, 2, 2)",0.0006070287034340621,0.0435664987404001,0.12257271437721524,0.7143044982987865,0.7143044982987865,BNCI2014-004,1,3test
32,2,3,"(1, 1, 1)",0.0006088032755021182,0.04421159856903971,0.11257571375065814,0.7098544087133066,0.7098544087133066,BNCI2014-004,1,3test
33,3,4,"(2, 2, 2)",0.0005904623708130897,0.046477992150440295,0.10025835189186752,0.6860379263571278,0.6860379263571278,BNCI2014-004,1,3test
34,4,5,"(1, 1, 1)",0.0005888762024941131,0.04910785679378354,0.09587658480940799,0.680314109535699,0.680314109535699,BNCI2014-004,1,3test
35,5,6,"(3, 4, 16)",0.00019151855102065313,0.06848031151895302,0.026867069600571385,0.11731086896865577,0.11731086896865577,BNCI2014-004,1,3test
36,6,7,"(1, 1, 1)",0.00019152325471861895,0.06864532348635091,0.02705005345534455,0.11706014711845682,0.11706014711845682,BNCI2014-004,1,3test
37,7,8,"(3, 4, 18)",0.00016760028094561333,0.10099103792688234,0.004548121017907392,3.2751854998930635e-05,3.2751854998930635e-05,BNCI2014-004,1,3test
38,8,9,"(3, 4, 4)",0.00016760013433922131,0.1077955544603537,0.0027752594867487134,2.6278903607898316e-05,2.6278903607898316e-05,BNCI2014-004,1,3test
39,9,10,"(1, 1, 1)",0.00016760014617177047,0.10793519838265579,0.0030299156456399636,2.6221983019339437e-05,2.6221983019339437e-05,BNCI2014-004,1,3test
40,0,1,"(1, 1, 1)",0.008920204985423142,0.017617404846210702,0.2758857746998256,0.983188216184947,0.9831882161849468,BNCI2014-004,1,4test
41,1,2,"(2, 2, 2)",0.0015565913089785428,0.02629142228082,0.20181936413573673,0.947426185104629,0.9474261851046287,BNCI2014-004,1,4test
42,2,3,"(3, 4, 16)",8.008680601299831e-05,0.035066115932373056,0.10411568072412392,0.1766430975958319,0.17664309759583188,BNCI2014-004,1,4test
43,3,4,"(1, 1, 1)",8.009174966756287e-05,0.035241288509032034,0.11374635723240116,0.17413968100791608,0.17413968100791605,BNCI2014-004,1,4test
44,4,5,"(3, 4, 18)",6.6521400340995e-05,0.06553186137959907,0.043694602690047706,5.135848231093431e-05,5.13584823109343e-05,BNCI2014-004,1,4test
45,5,6,"(1, 1, 1)",6.652147726970811e-05,0.0656686934763247,0.04984671765284266,5.107856681567532e-05,5.107856681567531e-05,BNCI2014-004,1,4test
46,6,7,"(3, 4, 4)",6.652165301316429e-05,0.07213991996912104,0.047303104476719475,4.3264893087288074e-05,4.326489308728807e-05,BNCI2014-004,1,4test
47,7,8,"(1, 1, 1)",6.652172368216051e-05,0.07227292242007213,0.04676659147811376,4.307669063783144e-05,4.3076690637831435e-05,BNCI2014-004,1,4test
48,8,9,"(3, 4, 18)",6.651921321535709e-05,0.09961409789176481,0.026842099753292437,2.1584678665239197e-08,2.1584678665239193e-08,BNCI2014-004,1,4test
49,9,10,"(3, 4, 18)",6.651921348171926e-05,0.12504716756683876,0.016116249107683008,1.8085508956606555e-12,1.808550895660655e-12,BNCI2014-004,1,4test
50,0,1,"(1, 1, 1)",0.0038931647723263025,0.0076565573855750585,0.5085802694510425,0.9850033592181763,0.9850033592181761,BNCI2014-004,2,0train
51,1,2,"(3, 4, 16)",8.676502311046383e-05,0.03215969498528392,0.21513642161610166,0.15350804878873917,0.15350804878873914,BNCI2014-004,2,0train
52,2,3,"(3, 4, 18)",7.35597367976302e-05,0.05522912956056009,0.10610225737986814,5.4359740643601834e-05,5.435974064360182e-05,BNCI2014-004,2,0train
53,3,4,"(3, 4, 18)",7.355877735055472e-05,0.07935735031065108,0.05007473707026229,5.4324054942859e-08,5.4324054942858984e-08,BNCI2014-004,2,0train
54,4,5,"(3, 4, 8)",7.355877804760988e-05,0.08972925663883763,0.03252318782405924,3.6285242429659846e-08,3.628524242965984e-08,BNCI2014-004,2,0train
55,5,6,"(3, 4, 4)",7.355877805791496e-05,0.09486272372328686,0.027973850937047594,3.197665721718343e-08,3.1976657217183426e-08,BNCI2014-004,2,0train
56,6,7,"(3, 4, 4)",7.355877804640418e-05,0.09996724889961418,0.021951553828181657,2.529356641016858e-08,2.5293566410168573e-08,BNCI2014-004,2,0train
57,7,8,"(3, 4, 18)",7.355877634959896e-05,0.12266152057174198,0.007317294205979092,1.2603267876433537e-11,1.2603267876433534e-11,BNCI2014-004,2,0train
58,8,9,"(3, 4, 8)",7.355877634977599e-05,0.13263784410894977,0.0037788269169030594,1.044440240452495e-11,1.0444402404524948e-11,BNCI2014-004,2,0train
59,9,10,"(3, 4, 16)",7.35587763494801e-05,0.15244659836406957,0.0015182426868129855,2.7391951032115847e-12,2.739195103211584e-12,BNCI2014-004,2,0train
60,0,1,"(2, 2, 2)",0.0012653426460821815,0.008471296752657918,0.49983276266900784,0.9326483814027675,0.9326483814027675,BNCI2014-004,2,1train
61,1,2,"(3, 4, 18)",0.00010208310130472941,0.041187160094558056,0.17676300722742352,0.002167438506306613,0.002167438506306613,BNCI2014-004,2,1train
62,2,3,"(3, 4, 18)",0.00010198318520934472,0.07165695830863819,0.061056988114470544,1.3108202570430823e-06,1.3108202570430823e-06,BNCI2014-004,2,1train
63,3,4,"(3, 4, 16)",0.00010198319975132203,0.09652179100426778,0.023621278905123666,3.9217082041106144e-07,3.9217082041106144e-07,BNCI2014-004,2,1train
64,4,5,"(3, 4, 18)",0.00010198316406165604,0.12342645967222775,0.005417629836123108,2.098426273342401e-10,2.098426273342401e-10,BNCI2014-004,2,1train
65,5,6,"(3, 4, 16)",0.00010198316405451355,0.14680389489585613,0.0013330194524614574,2.9506369853472304e-11,2.9506369853472304e-11,BNCI2014-004,2,1train
66,6,7,"(1, 1, 1)",0.00010198316405451446,0.14692469857525028,0.001383327126132431,2.938928829797901e-11,2.938928829797901e-11,BNCI2014-004,2,1train
67,7,8,"(1, 1, 1)",0.00010198316405451672,0.14704549364250066,0.001218957127320954,2.8690791112329438e-11,2.8690791112329438e-11,BNCI2014-004,2,1train
68,8,9,"(1, 1, 1)",0.00010198316405451778,0.1471662801145053,0.0011242536562627262,2.8395547668190245e-11,2.8395547668190245e-11,BNCI2014-004,2,1train
69,9,10,"(2, 2, 2)",0.00010198316405452011,0.1481322644741448,0.0008669630569185694,2.7474156295198373e-11,2.7474156295198373e-11,BNCI2014-004,2,1train
70,0,1,"(3, 4, 8)",0.00011236616332126317,0.015532617490389112,0.32687642248199344,0.5651802184192479,0.5651802184192479,BNCI2014-004,2,2train
71,1,2,"(1, 1, 1)",0.0001134448316442912,0.016062470036031798,0.32279709470277085,0.5627002886702388,0.5627002886702388,BNCI2014-004,2,2train
72,2,3,"(3, 4, 16)",5.830944982368036e-05,0.026023414260291623,0.1958698509426436,0.09654918410174258,0.09654918410174258,BNCI2014-004,2,2train
73,3,4,"(3, 4, 8)",5.833837318551173e-05,0.03162073656358868,0.16730866201271113,0.0735291926631548,0.0735291926631548,BNCI2014-004,2,2train
74,4,5,"(2, 2, 2)",5.835099805899048e-05,0.03206092440463825,0.16948024660471234,0.06843843388243914,0.06843843388243914,BNCI2014-004,2,2train
75,5,6,"(3, 4, 18)",5.493776774720924e-05,0.04237637983537471,0.12473330785369167,1.7887517253801575e-05,1.7887517253801575e-05,BNCI2014-004,2,2train
76,6,7,"(3, 4, 4)",5.493809140621243e-05,0.0446054239655095,0.1243234595548488,1.4038307008528178e-05,1.4038307008528178e-05,BNCI2014-004,2,2train
77,7,8,"(1, 1, 1)",5.493810924625007e-05,0.04465128727398695,0.12491713952347169,1.3991024576081757e-05,1.3991024576081757e-05,BNCI2014-004,2,2train
78,8,9,"(1, 1, 1)",5.4938123480316556e-05,0.044697120102421245,0.12578072581540972,1.3893003948813728e-05,1.3893003948813728e-05,BNCI2014-004,2,2train
79,9,10,"(3, 4, 8)",5.4937972993969215e-05,0.04899736225039774,0.11090103734017846,9.447587047608024e-06,9.447587047608024e-06,BNCI2014-004,2,2train
80,0,1,"(3, 4, 18)",8.538469349311896e-05,0.03535448674746081,0.14510563789788197,0.0016775076348618917,0.0016775076348618913,BNCI2014-004,2,3test
81,1,2,"(3, 4, 8)",8.543078102006782e-05,0.04803831973545639,0.05453909732194632,0.0011867165370009272,0.001186716537000927,BNCI2014-004,2,3test
82,2,3,"(3, 4, 18)",8.537077347858846e-05,0.07333503011353831,0.009822237314038395,4.864444268933469e-07,4.864444268933468e-07,BNCI2014-004,2,3test
83,3,4,"(3, 4, 18)",8.537079199407584e-05,0.09660014045077876,0.0018488788316122508,1.7338416661610603e-10,1.73384166616106e-10,BNCI2014-004,2,3test
84,4,5,"(3, 4, 18)",8.537079198748359e-05,0.11883773327845366,0.0003088423462317326,5.5569764210640606e-14,5.556976421064059e-14,BNCI2014-004,2,3test
85,5,6,"(1, 1, 1)",8.537079198748368e-05,0.11893902892401827,0.0003092277684650377,5.5234923764932557e-14,5.5234923764932544e-14,BNCI2014-004,2,3test
86,6,7,"(3, 4, 18)",8.537079198748432e-05,0.14055180714836868,9.028516391326848e-05,3.7587972893718314e-17,3.758797289371831e-17,BNCI2014-004,2,3test
87,7,8,"(1, 1, 1)",8.537079198748432e-05,0.1406507831302911,9.025694173922794e-05,3.6529210948573e-17,3.6529210948572993e-17,BNCI2014-004,2,3test
88,8,9,"(3, 4, 4)",8.537079198748428e-05,0.1453915884107943,8.423536187873723e-05,3.355200301355796e-17,3.3552003013557954e-17,BNCI2014-004,2,3test
89,9,10,"(3, 4, 16)",8.537079198748432e-05,0.16418103537773635,6.764231119021014e-05,7.714038996895971e-18,7.71403899689597e-18,BNCI2014-004,2,3test
90,0,1,"(3, 4, 18)",4.033643154491234e-05,0.018191187000109004,0.29087295252819845,0.0010600818583773183,0.0010600818583773183,BNCI2014-004,2,4test
91,1,2,"(3, 4, 8)",4.0347867653625215e-05,0.025081724266025895,0.17363051703233645,0.0007671032196626511,0.0007671032196626511,BNCI2014-004,2,4test
92,2,3,"(3, 4, 4)",4.0347924765709476e-05,0.02826490166180962,0.15795464610797275,0.000622915279560714,0.000622915279560714,BNCI2014-004,2,4test
93,3,4,"(1, 1, 1)",4.0348091510647795e-05,0.02833002637601131,0.15622573762116984,0.0006208295137097188,0.0006208295137097188,BNCI2014-004,2,4test
94,4,5,"(3, 4, 16)",4.033633578544362e-05,0.04003695050737607,0.08512169097237286,0.00017691718759664925,0.00017691718759664925,BNCI2014-004,2,4test
95,5,6,"(1, 1, 1)",4.0336340399888806e-05,0.04009486590671816,0.08177300648743506,0.00017499301401489742,0.00017499301401489742,BNCI2014-004,2,4test
96,6,7,"(1, 1, 1)",4.033635476599836e-05,0.04015276441242934,0.07922937583788218,0.00017371509964476337,0.00017371509964476337,BNCI2014-004,2,4test
97,7,8,"(1, 1, 1)",4.0336355248367644e-05,0.04021062222208008,0.0789353552129585,0.00017029493425821024,0.00017029493425821024,BNCI2014-004,2,4test
98,8,9,"(3, 4, 16)",4.0336337135975564e-05,0.05092000219487441,0.045677744642199106,7.280297143580776e-05,7.280297143580776e-05,BNCI2014-004,2,4test
99,9,10,"(3, 4, 4)",4.0336337013512686e-05,0.05349539253197267,0.040609822239880244,8.79294168332873e-06,8.79294168332873e-06,BNCI2014-004,2,4test
100,0,1,"(2, 2, 2)",0.0014487451179301504,0.009389943053269281,0.4979679495598918,0.96271514953627,0.96271514953627,BNCI2014-004,3,0train
101,1,2,"(3, 4, 4)",0.0003685726834336739,0.027789758213183625,0.32016405967310296,0.7589599478342336,0.7589599478342336,BNCI2014-004,3,0train
102,2,3,"(1, 1, 1)",0.00037890545306549736,0.03153365913823617,0.2564316342363339,0.7503830226733406,0.7503830226733406,BNCI2014-004,3,0train
103,3,4,"(3, 4, 4)",0.00033844459774006337,0.04379534931812654,0.15254099245119035,0.6398793813199845,0.6398793813199845,BNCI2014-004,3,0train
104,4,5,"(3, 4, 8)",0.00024031870206667292,0.06179850331604992,0.10276308856787618,0.4665508785319621,0.4665508785319621,BNCI2014-004,3,0train
105,5,6,"(1, 1, 1)",0.0002419970837180425,0.06281170682071227,0.10015362445124686,0.46464903353647347,0.46464903353647347,BNCI2014-004,3,0train
106,6,7,"(3, 4, 18)",0.00010252056398513454,0.08735162048266314,0.058385689619707914,0.00025203444016695474,0.00025203444016695474,BNCI2014-004,3,0train
107,7,8,"(1, 1, 1)",0.00010252418838410276,0.0875274784797792,0.06336927354735324,0.00024731822062114414,0.00024731822062114414,BNCI2014-004,3,0train
108,8,9,"(3, 4, 8)",0.00010252661886531349,0.10388322373428421,0.052201424219392695,0.00018122170138694802,0.00018122170138694802,BNCI2014-004,3,0train
109,9,10,"(2, 2, 2)",0.00010252707229382922,0.1052224345487751,0.049114599342746645,0.00017750297543405483,0.00017750297543405483,BNCI2014-004,3,0train
110,0,1,"(1, 1, 1)",0.004212659739211307,0.008284897487115575,0.4921415319324288,0.9921992845236074,0.9921992845236074,BNCI2014-004,3,1train
111,1,2,"(1, 1, 1)",0.0038992768782556554,0.015966593804578585,0.35382634537315716,0.986336944660855,0.986336944660855,BNCI2014-004,3,1train
112,2,3,"(2, 2, 2)",0.0014852161167123385,0.026974373487736923,0.2568970456390201,0.945129542734529,0.945129542734529,BNCI2014-004,3,1train
113,3,4,"(2, 2, 2)",0.0012148921196423025,0.033980864173473894,0.21690560279267815,0.9166429058448444,0.9166429058448444,BNCI2014-004,3,1train
114,4,5,"(3, 4, 4)",0.0003726901406896375,0.042644737042148544,0.19219210459279795,0.7618175072098208,0.7618175072098208,BNCI2014-004,3,1train
115,5,6,"(1, 1, 1)",0.0003779504799693897,0.04466142835965884,0.1678854144584881,0.7603669247286,0.7603669247286,BNCI2014-004,3,1train
116,6,7,"(1, 1, 1)",0.00038423414323816667,0.04684687741209508,0.13078721057946724,0.7575002687171448,0.7575002687171448,BNCI2014-004,3,1train
117,7,8,"(1, 1, 1)",0.00039079821235819075,0.04858706968107912,0.120501046807562,0.7561045409249642,0.7561045409249642,BNCI2014-004,3,1train
118,8,9,"(1, 1, 1)",0.00040131749968309893,0.05136002250501119,0.11063729419983188,0.7478249202031135,0.7478249202031135,BNCI2014-004,3,1train
119,9,10,"(1, 1, 1)",0.00040436756134312404,0.052648609429195865,0.11990275967026519,0.7463976831499234,0.7463976831499234,BNCI2014-004,3,1train
120,0,1,"(3, 4, 18)",4.6365545512114024e-05,0.020948484582768774,0.2793935758732018,0.00038646096966933645,0.00038646096966933645,BNCI2014-004,3,2train
121,1,2,"(3, 4, 16)",4.636966735914672e-05,0.03453422432799484,0.15465248027704814,9.481380231141822e-05,9.481380231141822e-05,BNCI2014-004,3,2train
122,2,3,"(3, 4, 18)",4.6366214749829745e-05,0.04744070443777254,0.08717729077659833,2.6219375859368383e-08,2.6219375859368383e-08,BNCI2014-004,3,2train
123,3,4,"(3, 4, 4)",4.636621530221659e-05,0.05012924937748914,0.08876424753154324,2.2073668182601225e-08,2.2073668182601225e-08,BNCI2014-004,3,2train
124,4,5,"(3, 4, 4)",4.636621537578377e-05,0.052771042099137404,0.07995064139215588,1.966111938677546e-08,1.966111938677546e-08,BNCI2014-004,3,2train
125,5,6,"(3, 4, 8)",4.636621538619034e-05,0.05793591837107862,0.05372921168218814,1.4596879358511302e-08,1.4596879358511302e-08,BNCI2014-004,3,2train
126,6,7,"(3, 4, 16)",4.636621496384012e-05,0.06789840360797192,0.043157238521805946,3.230044928098458e-09,3.230044928098458e-09,BNCI2014-004,3,2train
127,7,8,"(1, 1, 1)",4.636621496389e-05,0.06794925303456044,0.04263923143513405,3.157099320057403e-09,3.157099320057403e-09,BNCI2014-004,3,2train
128,8,9,"(1, 1, 1)",4.636621496407664e-05,0.06800009304004087,0.043234668500705495,2.9616097913296984e-09,2.9616097913296984e-09,BNCI2014-004,3,2train
129,9,10,"(3, 4, 16)",4.6366214963671466e-05,0.07760573318826654,0.030583395378378026,1.7278884828095774e-09,1.7278884828095774e-09,BNCI2014-004,3,2train
130,0,1,"(1, 1, 1)",0.00172863647303095,0.003414057034236127,0.5715514150669565,0.9875838475594931,0.9875838475594931,BNCI2014-004,3,3test
131,1,2,"(1, 1, 1)",0.0015198883841477623,0.006067530770860277,0.491597505704223,0.971494319740938,0.971494319740938,BNCI2014-004,3,3test
132,2,3,"(1, 1, 1)",0.0014902227440984138,0.007955019977267866,0.45780141388912765,0.9655389445954117,0.9655389445954117,BNCI2014-004,3,3test
133,3,4,"(3, 4, 16)",4.348512515454507e-05,0.01857430849340284,0.30575461595599124,0.15028999984569613,0.15028999984569613,BNCI2014-004,3,3test
134,4,5,"(1, 1, 1)",4.3488916582304746e-05,0.018663103869152674,0.3106611255354651,0.142802678286052,0.142802678286052,BNCI2014-004,3,3test
135,5,6,"(3, 4, 18)",3.80267342075773e-05,0.03195091734062736,0.1986159317906533,5.162469707923215e-05,5.162469707923215e-05,BNCI2014-004,3,3test
136,6,7,"(3, 4, 16)",3.802594542738192e-05,0.04367050594827034,0.1376944792022505,7.071431362845627e-06,7.071431362845627e-06,BNCI2014-004,3,3test
137,7,8,"(3, 4, 18)",3.802566229318338e-05,0.055739787623218316,0.08373591701909633,2.618972409900052e-09,2.618972409900052e-09,BNCI2014-004,3,3test
138,8,9,"(1, 1, 1)",3.802566229503278e-05,0.05579374357721613,0.0803506433737705,2.6067819899017557e-09,2.6067819899017557e-09,BNCI2014-004,3,3test
139,9,10,"(3, 4, 18)",3.802566223911157e-05,0.06713879382983456,0.06458325312207047,2.661050089203311e-12,2.661050089203311e-12,BNCI2014-004,3,3test
140,0,1,"(3, 4, 18)",6.59715095600365e-05,0.03890269936103318,0.17902583689808915,0.0001045352723013691,0.00010453527230136908,BNCI2014-004,3,4test
141,1,2,"(3, 4, 8)",6.597462027111968e-05,0.0508425867973709,0.10226518683088877,7.237050600406222e-05,7.23705060040622e-05,BNCI2014-004,3,4test
142,2,3,"(3, 4, 18)",6.597171922001172e-05,0.07449425255683793,0.03833813381147923,2.4789068618724375e-08,2.4789068618724368e-08,BNCI2014-004,3,4test
143,3,4,"(3, 4, 4)",6.597172004551297e-05,0.0794079211066921,0.03604089740278281,1.992772156147643e-08,1.9927721561476427e-08,BNCI2014-004,3,4test
144,4,5,"(3, 4, 8)",6.597172022105866e-05,0.08899490291198998,0.027629419024321568,1.2045043128628081e-08,1.2045043128628078e-08,BNCI2014-004,3,4test
145,5,6,"(3, 4, 16)",6.597171987313155e-05,0.10745921710388509,0.017548233019382384,2.6257164879858472e-09,2.625716487985847e-09,BNCI2014-004,3,4test
146,6,7,"(1, 1, 1)",6.597171987396633e-05,0.10755344762031543,0.015775608880588043,2.546362228295484e-09,2.5463622282954836e-09,BNCI2014-004,3,4test
147,7,8,"(3, 4, 16)",6.59717198707297e-05,0.12536448363119498,0.009501453579367606,1.7663166111894296e-09,1.7663166111894292e-09,BNCI2014-004,3,4test
148,8,9,"(3, 4, 8)",6.597171987116255e-05,0.13409528135547513,0.009384292177340986,1.3881694876064232e-09,1.388169487606423e-09,BNCI2014-004,3,4test
149,9,10,"(3, 4, 4)",6.597171987145504e-05,0.1384251094220194,0.010077499410763666,1.0583913052506606e-09,1.0583913052506604e-09,BNCI2014-004,3,4test
150,0,1,"(1, 1, 1)",0.02018347747160013,0.03969417236081359,0.12859997227585185,0.9585234731228135,0.9585234731228135,BNCI2014-004,4,0train
151,1,2,"(3, 4, 18)",0.00017492965846209417,0.10193894307743871,0.02829629332776398,0.0004768020032638689,0.0004768020032638689,BNCI2014-004,4,0train
152,2,3,"(3, 4, 18)",0.00017487531477270227,0.17871460105377102,0.003375830864516155,8.903273868103858e-08,8.903273868103858e-08,BNCI2014-004,4,0train
153,3,4,"(2, 2, 2)",0.0001748753152641847,0.18136272752999336,0.005303184162681652,8.683233446422602e-08,8.683233446422602e-08,BNCI2014-004,4,0train
154,4,5,"(3, 4, 18)",0.00017487530318939287,0.25039302321630275,0.0003319082585914887,4.790804130889761e-11,4.790804130889761e-11,BNCI2014-004,4,0train
155,5,6,"(1, 1, 1)",0.00017487530318957876,0.25070444781470685,0.00016559895261529072,4.730644733606924e-11,4.730644733606924e-11,BNCI2014-004,4,0train
156,6,7,"(3, 4, 18)",0.00017487530318295932,0.31691169036379435,3.218116569423147e-05,2.6264855478693176e-14,2.6264855478693176e-14,BNCI2014-004,4,0train
157,7,8,"(2, 2, 2)",0.00017487530318295954,0.31933147276247154,3.994084559169491e-05,2.4852106730559227e-14,2.4852106730559227e-14,BNCI2014-004,4,0train
158,8,9,"(3, 4, 4)",0.00017487530318295954,0.3338129594373456,3.84936845664981e-05,2.1295286162675183e-14,2.1295286162675183e-14,BNCI2014-004,4,0train
159,9,10,"(2, 2, 2)",0.00017487530318295954,0.3362206743878279,3.5750774081735764e-05,2.094426908858698e-14,2.094426908858698e-14,BNCI2014-004,4,0train
160,0,1,"(1, 1, 1)",0.02937636040091133,0.05791339621893948,0.04134522208569434,0.9420162293431572,0.9420162293431572,BNCI2014-004,4,1train
161,1,2,"(3, 4, 8)",0.0006876589826398176,0.11513455913362705,0.00522634633642556,0.6090527606996241,0.6090527606996241,BNCI2014-004,4,1train
162,2,3,"(1, 1, 1)",0.0006879078944588418,0.11580543311185255,0.0058119927202930155,0.6048111287917406,0.6048111287917406,BNCI2014-004,4,1train
163,3,4,"(1, 1, 1)",0.0006881570812500928,0.11646193036767383,0.00695467680266026,0.6038417262992294,0.6038417262992294,BNCI2014-004,4,1train
164,4,5,"(3, 4, 18)",0.0002268877455316957,0.17447408669489986,0.001297414254857452,0.0008469869344367455,0.0008469869344367455,BNCI2014-004,4,1train
165,5,6,"(2, 2, 2)",0.00022691572771173823,0.17770082555233438,0.0015764289260669735,0.0008034092877108696,0.0008034092877108696,BNCI2014-004,4,1train
166,6,7,"(2, 2, 2)",0.00022693358185988733,0.18091165373712206,0.0022454874608403706,0.000777384042674156,0.000777384042674156,BNCI2014-004,4,1train
167,7,8,"(1, 1, 1)",0.00022693815433935446,0.18131112296936516,0.002467487093816811,0.0007709663102792576,0.0007709663102792576,BNCI2014-004,4,1train
168,8,9,"(3, 4, 4)",0.00022692867518198489,0.19990431874829656,0.001917332003167061,0.0006133423480714162,0.0006133423480714162,BNCI2014-004,4,1train
169,9,10,"(3, 4, 4)",0.00022692820151150845,0.21776120957227993,0.0006694083486349288,0.0005038139803701781,0.0005038139803701781,BNCI2014-004,4,1train
170,0,1,"(1, 1, 1)",0.055251273654769326,0.10912126546816943,0.001978520975910821,0.881289882313734,0.881289882313734,BNCI2014-004,4,2train
171,1,2,"(2, 2, 2)",0.017612646023171606,0.12060848605009225,0.0005886812832872377,0.8523729992458898,0.8523729992458898,BNCI2014-004,4,2train
172,2,3,"(1, 1, 1)",0.016404856266291443,0.12207160313565373,0.0019961565856467757,0.847670821003552,0.847670821003552,BNCI2014-004,4,2train
173,3,4,"(3, 4, 4)",0.0027267527687941423,0.16604713715463698,0.0005303636973738914,0.6753248096328196,0.6753248096328196,BNCI2014-004,4,2train
174,4,5,"(1, 1, 1)",0.002723806065264949,0.1671317124599182,0.0006004808065791875,0.6745894786098098,0.6745894786098098,BNCI2014-004,4,2train
175,5,6,"(1, 1, 1)",0.0027150203483911678,0.16811048033313952,0.0006777960017822226,0.6733886604408665,0.6733886604408665,BNCI2014-004,4,2train
176,6,7,"(1, 1, 1)",0.0027037083346269294,0.16865939744228484,0.0007166049934917061,0.6709747914772496,0.6709747914772496,BNCI2014-004,4,2train
177,7,8,"(1, 1, 1)",0.0026928949325061274,0.16941427365585898,0.0012296352695429038,0.6690648387095098,0.6690648387095098,BNCI2014-004,4,2train
178,8,9,"(1, 1, 1)",0.0026821738619223945,0.1710648537594943,0.0017344049229235353,0.6645407685842595,0.6645407685842595,BNCI2014-004,4,2train
179,9,10,"(1, 1, 1)",0.00266588649609713,0.17356025812435685,0.0015517285922802097,0.6612313961241385,0.6612313961241385,BNCI2014-004,4,2train
180,0,1,"(1, 1, 1)",0.0594400319249589,0.11739406305179383,0.007598779185546816,0.8864698400734322,0.8864698400734322,BNCI2014-004,4,3test
181,1,2,"(2, 2, 2)",0.02230217735363506,0.13193314923382948,0.0010248899924622475,0.8711467659730119,0.8711467659730119,BNCI2014-004,4,3test
182,2,3,"(1, 1, 1)",0.019421523407822983,0.13327149720564188,0.0008226319865490477,0.8651050011311524,0.8651050011311524,BNCI2014-004,4,3test
183,3,4,"(1, 1, 1)",0.01810192735770716,0.1373886875087054,0.000798724532719065,0.8555811125822969,0.8555811125822969,BNCI2014-004,4,3test
184,4,5,"(1, 1, 1)",0.016679198245923725,0.1393972862343416,0.0010389455607038788,0.8508912346943838,0.8508912346943838,BNCI2014-004,4,3test
185,5,6,"(1, 1, 1)",0.015708320466911382,0.1421643122127787,0.0003559181276549015,0.8443005064408394,0.8443005064408394,BNCI2014-004,4,3test
186,6,7,"(3, 4, 16)",0.0005287859872938893,0.2214480487405212,0.0001870976052654006,0.129433135520863,0.129433135520863,BNCI2014-004,4,3test
187,7,8,"(3, 4, 8)",0.0005286315577399792,0.29177412771669897,4.557927443016216e-06,0.08913858540411952,0.08913858540411952,BNCI2014-004,4,3test
188,8,9,"(1, 1, 1)",0.0005286288097395718,0.2924389763536198,4.855936462069225e-06,0.08844885450625702,0.08844885450625702,BNCI2014-004,4,3test
189,9,10,"(2, 2, 2)",0.000528610473994688,0.29769219839373656,4.116142083096341e-06,0.07986840794745687,0.07986840794745687,BNCI2014-004,4,3test
190,0,1,"(2, 2, 2)",0.012847123597837294,0.047461243359473486,0.1228790103814211,0.9107194142724409,0.9107194142724409,BNCI2014-004,4,4test
191,1,2,"(1, 1, 1)",0.011475231200877765,0.05126834300849528,0.10785778880968384,0.9020661756261372,0.9020661756261372,BNCI2014-004,4,4test
192,2,3,"(1, 1, 1)",0.011123615295762286,0.05968060467683039,0.07968287826804918,0.8986783858047366,0.8986783858047366,BNCI2014-004,4,4test
193,3,4,"(1, 1, 1)",0.010780414132780667,0.06119924046742092,0.07069406049406328,0.8961896224030217,0.8961896224030217,BNCI2014-004,4,4test
194,4,5,"(3, 4, 18)",0.00041273468115545555,0.15603905305336357,0.040175403934560726,0.00015741914638613746,0.00015741914638613746,BNCI2014-004,4,4test
195,5,6,"(1, 1, 1)",0.0004127349811946241,0.15648253067890538,0.046720186869261306,0.0001554120434129731,0.0001554120434129731,BNCI2014-004,4,4test
196,6,7,"(1, 1, 1)",0.0004127350685501496,0.15692543155659852,0.05556869273390865,0.00015376520656379102,0.00015376520656379102,BNCI2014-004,4,4test
197,7,8,"(2, 2, 2)",0.0004127349593487935,0.16044062007267287,0.06609836597645297,0.00015103813561536276,0.00015103813561536276,BNCI2014-004,4,4test
198,8,9,"(2, 2, 2)",0.0004127348976941658,0.16391007797668639,0.06646193012920773,0.00014921616898345568,0.00014921616898345568,BNCI2014-004,4,4test
199,9,10,"(3, 4, 16)",0.0004126991943655496,0.23793628764272617,0.01685622690208575,5.4335510628145704e-05,5.4335510628145704e-05,BNCI2014-004,4,4test
200,0,1,"(2, 2, 2)",0.0031339814170599062,0.019856468428926882,0.3071442235528433,0.972635444431495,0.972635444431495,BNCI2014-004,5,0train
201,1,2,"(3, 4, 16)",0.00015317738533913706,0.05183474264548906,0.1392333169322064,0.1434382650008369,0.1434382650008369,BNCI2014-004,5,0train
202,2,3,"(2, 2, 2)",0.00015323111327756055,0.053355571883227745,0.14927988955215246,0.134329918652992,0.134329918652992,BNCI2014-004,5,0train
203,3,4,"(3, 4, 16)",0.00015276512357517236,0.08500877559259189,0.03151644021134235,0.07483984158995947,0.07483984158995947,BNCI2014-004,5,0train
204,4,5,"(3, 4, 18)",0.00014037719265235564,0.11644964067623524,0.009573319648027196,8.589410433687642e-06,8.589410433687642e-06,BNCI2014-004,5,0train
205,5,6,"(3, 4, 18)",0.00014037621502117003,0.1461272729754651,0.0047974000182921936,4.542985541354442e-09,4.542985541354442e-09,BNCI2014-004,5,0train
206,6,7,"(3, 4, 18)",0.0001403762145057923,0.17469591680601698,0.0017229221752292016,9.834052653527222e-13,9.834052653527222e-13,BNCI2014-004,5,0train
207,7,8,"(3, 4, 16)",0.00014037621450571104,0.19952513540851755,0.0010259554697758344,1.561269855003983e-13,1.561269855003983e-13,BNCI2014-004,5,0train
208,8,9,"(2, 2, 2)",0.00014037621450571113,0.2005510830138739,0.0010185807214978086,1.4840229387705037e-13,1.4840229387705037e-13,BNCI2014-004,5,0train
209,9,10,"(3, 4, 16)",0.00014037621450570972,0.22501097384193414,0.0005014191388312661,4.529666537367389e-14,4.529666537367389e-14,BNCI2014-004,5,0train
210,0,1,"(1, 1, 1)",0.01308825163451017,0.02580255322232004,0.2071626778914027,0.9811132987831446,0.9811132987831446,BNCI2014-004,5,1train
211,1,2,"(3, 4, 4)",0.0006536180079252507,0.06251530190311491,0.06629518088549631,0.7694823451112828,0.7694823451112828,BNCI2014-004,5,1train
212,2,3,"(2, 2, 2)",0.0006541797607840336,0.06872269553136945,0.04972439132507433,0.7578993336520405,0.7578993336520405,BNCI2014-004,5,1train
213,3,4,"(3, 4, 18)",0.0001417591007778494,0.092662919251813,0.016331543184973787,0.0007854478639208924,0.0007854478639208924,BNCI2014-004,5,1train
214,4,5,"(3, 4, 16)",0.00014180139209069562,0.13703899179544815,0.008591854380216169,0.0003471847158681523,0.0003471847158681523,BNCI2014-004,5,1train
215,5,6,"(1, 1, 1)",0.0001418014374842053,0.13725036642094032,0.010558637728423482,0.0003442684990135176,0.0003442684990135176,BNCI2014-004,5,1train
216,6,7,"(3, 4, 16)",0.00014179356235862066,0.1756209701003759,0.0032879380906859204,2.036710682019717e-05,2.036710682019717e-05,BNCI2014-004,5,1train
217,7,8,"(2, 2, 2)",0.00014179356682453615,0.17714382114792984,0.0031736709372602893,1.6146301484961203e-05,1.6146301484961203e-05,BNCI2014-004,5,1train
218,8,9,"(3, 4, 18)",0.00014179141325320113,0.21672345173161833,0.0004921789211756939,6.139005303319624e-09,6.139005303319624e-09,BNCI2014-004,5,1train
219,9,10,"(3, 4, 18)",0.00014179141249525068,0.2541800585372976,0.00010610326224595776,1.6153812052624748e-12,1.6153812052624748e-12,BNCI2014-004,5,1train
220,0,1,"(1, 1, 1)",0.013314780883041711,0.026296692244007377,0.13769087454779394,0.9636901758308098,0.9636901758308098,BNCI2014-004,5,2train
221,1,2,"(1, 1, 1)",0.010277344901241468,0.0330620962721106,0.12706882707203165,0.9529817160020179,0.9529817160020179,BNCI2014-004,5,2train
222,2,3,"(3, 4, 4)",0.0006145899284315302,0.054065611883809886,0.06824306088595952,0.7464502133521609,0.7464502133521609,BNCI2014-004,5,2train
223,3,4,"(3, 4, 8)",0.00032845207083086143,0.07498918361970248,0.027723373997902694,0.4782815745471732,0.4782815745471732,BNCI2014-004,5,2train
224,4,5,"(3, 4, 8)",0.0003090382032570689,0.09090546896897153,0.014976458040596528,0.4105674714966078,0.4105674714966078,BNCI2014-004,5,2train
225,5,6,"(2, 2, 2)",0.00030897301351281146,0.09217282189710232,0.015403490494081417,0.40613193992838903,0.40613193992838903,BNCI2014-004,5,2train
226,6,7,"(2, 2, 2)",0.0003089052730719598,0.09339309547809019,0.014614145794374384,0.40179093619441086,0.40179093619441086,BNCI2014-004,5,2train
227,7,8,"(3, 4, 4)",0.00030743878170180793,0.09966652153173206,0.0097870670383812,0.31613209569575323,0.31613209569575323,BNCI2014-004,5,2train
228,8,9,"(3, 4, 18)",0.00017755044711033062,0.12951879151548293,0.0033673102139316715,0.00013945057461509308,0.00013945057461509308,BNCI2014-004,5,2train
229,9,10,"(2, 2, 2)",0.00017755178516196048,0.13074045570261061,0.003794141165113174,0.0001363761114264072,0.0001363761114264072,BNCI2014-004,5,2train
230,0,1,"(1, 1, 1)",0.016335918965666503,0.032263439957191345,0.1351120104683044,0.9795941343193363,0.9795941343193363,BNCI2014-004,5,3test
231,1,2,"(3, 4, 16)",0.0001305699663464619,0.05795052139282762,0.0528120093727197,0.1533490202563074,0.1533490202563074,BNCI2014-004,5,3test
232,2,3,"(1, 1, 1)",0.00013057824668710134,0.058196712853312176,0.06610761218071362,0.15061013093100098,0.15061013093100098,BNCI2014-004,5,3test
233,3,4,"(3, 4, 8)",0.00013052945206777744,0.07892466669946459,0.03062595796628572,0.0740404823422233,0.0740404823422233,BNCI2014-004,5,3test
234,4,5,"(3, 4, 16)",0.00013051602772072029,0.11135513002147125,0.011745101925668276,0.06750737021844332,0.06750737021844332,BNCI2014-004,5,3test
235,5,6,"(1, 1, 1)",0.0001305462568009799,0.11150847694882159,0.0118373001661135,0.06722208615923458,0.06722208615923458,BNCI2014-004,5,3test
236,6,7,"(1, 1, 1)",0.00013056574275780962,0.1116565641670369,0.011786232557556326,0.06674793154164421,0.06674793154164421,BNCI2014-004,5,3test
237,7,8,"(1, 1, 1)",0.00013058663681427224,0.1118043388526055,0.011731784692353012,0.06643310531614151,0.06643310531614151,BNCI2014-004,5,3test
238,8,9,"(1, 1, 1)",0.00013058694758999302,0.11195390082845488,0.011779357353276123,0.06631671378984422,0.06631671378984422,BNCI2014-004,5,3test
239,9,10,"(1, 1, 1)",0.0001305872631816391,0.11210331198449523,0.011715886396072826,0.06626217322953583,0.06626217322953583,BNCI2014-004,5,3test
240,0,1,"(1, 1, 1)",0.02075071256076409,0.04098265730750907,0.0797454425067872,0.9804655222754638,0.980465522275464,BNCI2014-004,5,4test
241,1,2,"(2, 2, 2)",0.0025779414470519305,0.05135394167149494,0.06937513913549316,0.9486285616191017,0.9486285616191019,BNCI2014-004,5,4test
242,2,3,"(3, 4, 18)",9.289961787487378e-05,0.05704285171314975,0.04187750093696072,0.0006861050618697088,0.0006861050618697089,BNCI2014-004,5,4test
243,3,4,"(1, 1, 1)",9.290100565950109e-05,0.0572926526144337,0.03860855443901613,0.0006769503219360858,0.0006769503219360859,BNCI2014-004,5,4test
244,4,5,"(3, 4, 18)",9.285365150852504e-05,0.10417692930497079,0.0057561254755786,2.580933744668761e-07,2.5809337446687616e-07,BNCI2014-004,5,4test
245,5,6,"(3, 4, 18)",9.285363554160522e-05,0.14348925058915055,0.000629353228345888,6.228774834469735e-11,6.228774834469736e-11,BNCI2014-004,5,4test
246,6,7,"(3, 4, 18)",9.285363553781308e-05,0.17900239096296272,7.36360108701623e-05,1.1995182889676355e-14,1.1995182889676358e-14,BNCI2014-004,5,4test
247,7,8,"(3, 4, 18)",9.285363553781229e-05,0.2121620592117968,3.830764022704665e-05,5.542164556682595e-18,5.5421645566825966e-18,BNCI2014-004,5,4test
248,8,9,"(2, 2, 2)",9.285363553781229e-05,0.21335579775663768,3.835416672261722e-05,5.081366701360072e-18,5.0813667013600725e-18,BNCI2014-004,5,4test
249,9,10,"(3, 4, 18)",9.285363553781226e-05,0.24484668622721684,3.0500821533469202e-05,1.1498531737130843e-21,1.1498531737130845e-21,BNCI2014-004,5,4test
250,0,1,"(1, 1, 1)",0.011015948472681841,0.021664698662940938,0.26336308621158994,0.9800280734415816,0.9800280734415816,BNCI2014-004,6,0train
251,1,2,"(3, 4, 16)",0.00013579654090039762,0.0580282955742027,0.06337422791190135,0.178712256177518,0.178712256177518,BNCI2014-004,6,0train
252,2,3,"(3, 4, 4)",0.0001358332710207715,0.07074882631427439,0.03377341511853678,0.13406614921750698,0.13406614921750698,BNCI2014-004,6,0train
253,3,4,"(1, 1, 1)",0.00013584909949246766,0.0710163236808019,0.04381447180775299,0.1328619543517254,0.1328619543517254,BNCI2014-004,6,0train
254,4,5,"(2, 2, 2)",0.00013587381769932034,0.07305109444833592,0.06295085800238609,0.12049318330935375,0.12049318330935375,BNCI2014-004,6,0train
255,5,6,"(2, 2, 2)",0.00013589206713147852,0.07506329011268072,0.06106948930670361,0.11348082698216691,0.11348082698216691,BNCI2014-004,6,0train
256,6,7,"(1, 1, 1)",0.0001359045891526596,0.07533110433530414,0.06627156452624382,0.11054884590624545,0.11054884590624545,BNCI2014-004,6,0train
257,7,8,"(3, 4, 4)",0.000135908794105266,0.08699731584033746,0.04252475206257085,0.07744448966589036,0.07744448966589036,BNCI2014-004,6,0train
258,8,9,"(1, 1, 1)",0.00013592816903557607,0.08724218756560358,0.04129789344041709,0.07477828205888717,0.07477828205888717,BNCI2014-004,6,0train
259,9,10,"(1, 1, 1)",0.00013593283389619094,0.08748305687132843,0.043891655120198526,0.07273736375355476,0.07273736375355476,BNCI2014-004,6,0train
260,0,1,"(3, 4, 4)",0.0005502459643033478,0.03945728465358994,0.19665725827620342,0.7226625882532748,0.7226625882532749,BNCI2014-004,6,1train
261,1,2,"(3, 4, 4)",0.0004771792450652191,0.05848775450664,0.07694400639083844,0.5658155113248395,0.5658155113248396,BNCI2014-004,6,1train
262,2,3,"(2, 2, 2)",0.00048433359837498285,0.060286588885862094,0.09302645861394204,0.5601147848214907,0.5601147848214908,BNCI2014-004,6,1train
263,3,4,"(3, 4, 18)",0.0001747620101835344,0.09396522808838402,0.012321588640718362,0.0003846617891963716,0.0003846617891963717,BNCI2014-004,6,1train
264,4,5,"(2, 2, 2)",0.0001747702567935188,0.09588844388413928,0.008722290537485014,0.00037388635202329797,0.000373886352023298,BNCI2014-004,6,1train
265,5,6,"(1, 1, 1)",0.0001747745573642677,0.09613033946942916,0.008450212441907318,0.0003667684618233617,0.00036676846182336173,BNCI2014-004,6,1train
266,6,7,"(3, 4, 8)",0.0001747789606415043,0.11842246343946701,0.00473445341740593,0.0002703944663379835,0.00027039446633798356,BNCI2014-004,6,1train
267,7,8,"(2, 2, 2)",0.0001747802804141307,0.1202316063307684,0.0038631391472522133,0.00025713407041584395,0.000257134070415844,BNCI2014-004,6,1train
268,8,9,"(1, 1, 1)",0.00017478061825242994,0.12045747474251217,0.0028141771872545866,0.0002554606054592206,0.0002554606054592207,BNCI2014-004,6,1train
269,9,10,"(3, 4, 4)",0.00017478067599157476,0.1311729676223395,0.0016441004700065555,0.00020918837330390275,0.00020918837330390278,BNCI2014-004,6,1train
