,block,rank,fold,train_score,val_score,n_features,test_score,dataset,subject,session
0,0,"(2, 2, 2)",0,0.9473684210526315,0.85,8,0.7916666666666666,BNCI2014-004,1,0train
1,0,"(2, 2, 2)",1,0.922077922077922,0.8421052631578947,8,0.75,BNCI2014-004,1,0train
2,0,"(2, 2, 2)",2,0.8571428571428571,0.8421052631578947,8,0.7916666666666666,BNCI2014-004,1,0train
3,0,"(2, 2, 2)",3,0.922077922077922,0.9473684210526315,8,0.8333333333333334,BNCI2014-004,1,0train
4,0,"(2, 2, 2)",4,0.935064935064935,0.7894736842105263,8,0.7916666666666666,BNCI2014-004,1,0train
5,1,"(3, 4, 4)",0,0.9868421052631579,0.85,56,0.8333333333333334,BNCI2014-004,1,0train
6,1,"(3, 4, 4)",1,0.987012987012987,0.7894736842105263,56,0.7916666666666666,BNCI2014-004,1,0train
7,1,"(3, 4, 4)",2,0.974025974025974,0.9473684210526315,56,0.9166666666666666,BNCI2014-004,1,0train
8,1,"(3, 4, 4)",3,0.974025974025974,0.7894736842105263,56,0.7916666666666666,BNCI2014-004,1,0train
9,1,"(3, 4, 4)",4,0.987012987012987,0.8947368421052632,56,0.8333333333333334,BNCI2014-004,1,0train
10,2,"(1, 1, 1)",0,1.0,0.9,57,0.8333333333333334,BNCI2014-004,1,0train
11,2,"(1, 1, 1)",1,1.0,0.8421052631578947,57,0.7083333333333334,BNCI2014-004,1,0train
12,2,"(1, 1, 1)",2,0.974025974025974,0.9473684210526315,57,0.8333333333333334,BNCI2014-004,1,0train
13,2,"(1, 1, 1)",3,0.987012987012987,0.7368421052631579,57,0.7083333333333334,BNCI2014-004,1,0train
14,2,"(1, 1, 1)",4,0.987012987012987,0.8947368421052632,57,0.75,BNCI2014-004,1,0train
15,3,"(1, 1, 1)",0,0.9868421052631579,0.95,58,0.75,BNCI2014-004,1,0train
16,3,"(1, 1, 1)",1,1.0,0.8421052631578947,58,0.625,BNCI2014-004,1,0train
17,3,"(1, 1, 1)",2,0.961038961038961,0.8947368421052632,58,0.7083333333333334,BNCI2014-004,1,0train
18,3,"(1, 1, 1)",3,0.987012987012987,0.7368421052631579,58,0.625,BNCI2014-004,1,0train
19,3,"(1, 1, 1)",4,0.987012987012987,0.8421052631578947,58,0.7083333333333334,BNCI2014-004,1,0train
20,4,"(1, 1, 1)",0,0.9736842105263158,0.9,59,0.6666666666666666,BNCI2014-004,1,0train
21,4,"(1, 1, 1)",1,1.0,0.7368421052631579,59,0.5833333333333334,BNCI2014-004,1,0train
22,4,"(1, 1, 1)",2,0.974025974025974,0.7894736842105263,59,0.75,BNCI2014-004,1,0train
23,4,"(1, 1, 1)",3,0.987012987012987,0.7894736842105263,59,0.6666666666666666,BNCI2014-004,1,0train
24,4,"(1, 1, 1)",4,1.0,0.8421052631578947,59,0.6666666666666666,BNCI2014-004,1,0train
25,5,"(1, 1, 1)",0,0.9736842105263158,0.9,60,0.6666666666666666,BNCI2014-004,1,0train
26,5,"(1, 1, 1)",1,1.0,0.7368421052631579,60,0.625,BNCI2014-004,1,0train
27,5,"(1, 1, 1)",2,0.974025974025974,0.8421052631578947,60,0.6666666666666666,BNCI2014-004,1,0train
28,5,"(1, 1, 1)",3,0.987012987012987,0.7894736842105263,60,0.6666666666666666,BNCI2014-004,1,0train
29,5,"(1, 1, 1)",4,1.0,0.8421052631578947,60,0.625,BNCI2014-004,1,0train
30,6,"(1, 1, 1)",0,0.9736842105263158,0.9,61,0.6666666666666666,BNCI2014-004,1,0train
31,6,"(1, 1, 1)",1,0.987012987012987,0.7368421052631579,61,0.5833333333333334,BNCI2014-004,1,0train
32,6,"(1, 1, 1)",2,0.974025974025974,0.7894736842105263,61,0.5833333333333334,BNCI2014-004,1,0train
33,6,"(1, 1, 1)",3,0.987012987012987,0.7894736842105263,61,0.6666666666666666,BNCI2014-004,1,0train
34,6,"(1, 1, 1)",4,1.0,0.8421052631578947,61,0.625,BNCI2014-004,1,0train
35,7,"(3, 4, 16)",0,0.9736842105263158,0.9,253,0.7083333333333334,BNCI2014-004,1,0train
36,7,"(3, 4, 16)",1,1.0,0.7368421052631579,253,0.625,BNCI2014-004,1,0train
37,7,"(3, 4, 16)",2,1.0,0.8421052631578947,253,0.5833333333333334,BNCI2014-004,1,0train
38,7,"(3, 4, 16)",3,1.0,0.7894736842105263,253,0.6666666666666666,BNCI2014-004,1,0train
39,7,"(3, 4, 16)",4,1.0,0.7894736842105263,253,0.6666666666666666,BNCI2014-004,1,0train
40,8,"(2, 2, 2)",0,0.9868421052631579,0.85,261,0.625,BNCI2014-004,1,0train
41,8,"(2, 2, 2)",1,1.0,0.6842105263157895,261,0.6666666666666666,BNCI2014-004,1,0train
42,8,"(2, 2, 2)",2,1.0,0.8421052631578947,261,0.5,BNCI2014-004,1,0train
43,8,"(2, 2, 2)",3,1.0,0.7894736842105263,261,0.7083333333333334,BNCI2014-004,1,0train
44,8,"(2, 2, 2)",4,1.0,0.7894736842105263,261,0.6666666666666666,BNCI2014-004,1,0train
45,9,"(1, 1, 1)",0,0.9868421052631579,0.85,262,0.5833333333333334,BNCI2014-004,1,0train
46,9,"(1, 1, 1)",1,1.0,0.6842105263157895,262,0.625,BNCI2014-004,1,0train
47,9,"(1, 1, 1)",2,1.0,0.8421052631578947,262,0.5,BNCI2014-004,1,0train
48,9,"(1, 1, 1)",3,1.0,0.7894736842105263,262,0.7083333333333334,BNCI2014-004,1,0train
49,9,"(1, 1, 1)",4,1.0,0.7894736842105263,262,0.6666666666666666,BNCI2014-004,1,0train
50,0,"(2, 2, 2)",0,0.868421052631579,0.65,8,0.5416666666666666,BNCI2014-004,1,1train
51,0,"(2, 2, 2)",1,0.8441558441558441,0.8421052631578947,8,0.8333333333333334,BNCI2014-004,1,1train
52,0,"(2, 2, 2)",2,0.8441558441558441,0.631578947368421,8,0.8333333333333334,BNCI2014-004,1,1train
53,0,"(2, 2, 2)",3,0.8311688311688312,0.7894736842105263,8,0.7916666666666666,BNCI2014-004,1,1train
54,0,"(2, 2, 2)",4,0.8961038961038961,0.42105263157894735,8,0.75,BNCI2014-004,1,1train
55,1,"(3, 4, 4)",0,0.9473684210526315,0.75,56,0.625,BNCI2014-004,1,1train
56,1,"(3, 4, 4)",1,0.961038961038961,0.7894736842105263,56,0.8333333333333334,BNCI2014-004,1,1train
57,1,"(3, 4, 4)",2,0.935064935064935,0.631578947368421,56,0.8333333333333334,BNCI2014-004,1,1train
58,1,"(3, 4, 4)",3,0.922077922077922,0.7368421052631579,56,0.8333333333333334,BNCI2014-004,1,1train
59,1,"(3, 4, 4)",4,0.961038961038961,0.42105263157894735,56,0.6666666666666666,BNCI2014-004,1,1train
60,2,"(3, 4, 18)",0,0.9736842105263158,0.7,272,0.7083333333333334,BNCI2014-004,1,1train
61,2,"(3, 4, 18)",1,0.974025974025974,0.7894736842105263,272,0.75,BNCI2014-004,1,1train
62,2,"(3, 4, 18)",2,0.935064935064935,0.631578947368421,272,0.7916666666666666,BNCI2014-004,1,1train
63,2,"(3, 4, 18)",3,0.961038961038961,0.7368421052631579,272,0.5833333333333334,BNCI2014-004,1,1train
64,2,"(3, 4, 18)",4,0.961038961038961,0.47368421052631576,272,0.7083333333333334,BNCI2014-004,1,1train
65,3,"(3, 4, 16)",0,0.9868421052631579,0.7,464,0.7083333333333334,BNCI2014-004,1,1train
66,3,"(3, 4, 16)",1,0.961038961038961,0.7894736842105263,464,0.75,BNCI2014-004,1,1train
67,3,"(3, 4, 16)",2,0.948051948051948,0.5789473684210527,464,0.7916666666666666,BNCI2014-004,1,1train
68,3,"(3, 4, 16)",3,0.948051948051948,0.7894736842105263,464,0.625,BNCI2014-004,1,1train
69,3,"(3, 4, 16)",4,0.987012987012987,0.5263157894736842,464,0.6666666666666666,BNCI2014-004,1,1train
70,4,"(3, 4, 8)",0,0.9868421052631579,0.65,560,0.6666666666666666,BNCI2014-004,1,1train
71,4,"(3, 4, 8)",1,0.974025974025974,0.7894736842105263,560,0.75,BNCI2014-004,1,1train
72,4,"(3, 4, 8)",2,0.974025974025974,0.6842105263157895,560,0.75,BNCI2014-004,1,1train
73,4,"(3, 4, 8)",3,0.961038961038961,0.6842105263157895,560,0.625,BNCI2014-004,1,1train
74,4,"(3, 4, 8)",4,1.0,0.5263157894736842,560,0.6666666666666666,BNCI2014-004,1,1train
75,5,"(3, 4, 4)",0,0.9736842105263158,0.7,608,0.7083333333333334,BNCI2014-004,1,1train
76,5,"(3, 4, 4)",1,0.961038961038961,0.7894736842105263,608,0.75,BNCI2014-004,1,1train
77,5,"(3, 4, 4)",2,0.974025974025974,0.6842105263157895,608,0.75,BNCI2014-004,1,1train
78,5,"(3, 4, 4)",3,0.974025974025974,0.7368421052631579,608,0.5833333333333334,BNCI2014-004,1,1train
79,5,"(3, 4, 4)",4,1.0,0.47368421052631576,608,0.6666666666666666,BNCI2014-004,1,1train
80,6,"(2, 2, 2)",0,0.9736842105263158,0.7,616,0.6666666666666666,BNCI2014-004,1,1train
81,6,"(2, 2, 2)",1,0.974025974025974,0.7368421052631579,616,0.75,BNCI2014-004,1,1train
82,6,"(2, 2, 2)",2,0.974025974025974,0.6842105263157895,616,0.7916666666666666,BNCI2014-004,1,1train
83,6,"(2, 2, 2)",3,0.974025974025974,0.7368421052631579,616,0.5833333333333334,BNCI2014-004,1,1train
84,6,"(2, 2, 2)",4,1.0,0.47368421052631576,616,0.625,BNCI2014-004,1,1train
85,7,"(3, 4, 16)",0,0.9868421052631579,0.7,896,0.7083333333333334,BNCI2014-004,1,1train
86,7,"(3, 4, 16)",1,0.961038961038961,0.7894736842105263,896,0.7083333333333334,BNCI2014-004,1,1train
87,7,"(3, 4, 16)",2,1.0,0.5789473684210527,896,0.7916666666666666,BNCI2014-004,1,1train
88,7,"(3, 4, 16)",3,0.987012987012987,0.7894736842105263,896,0.5416666666666666,BNCI2014-004,1,1train
89,7,"(3, 4, 16)",4,1.0,0.5263157894736842,896,0.6666666666666666,BNCI2014-004,1,1train
90,8,"(3, 4, 16)",0,0.9736842105263158,0.65,1088,0.6666666666666666,BNCI2014-004,1,1train
91,8,"(3, 4, 16)",1,0.987012987012987,0.7894736842105263,1088,0.75,BNCI2014-004,1,1train
92,8,"(3, 4, 16)",2,1.0,0.5789473684210527,1088,0.75,BNCI2014-004,1,1train
93,8,"(3, 4, 16)",3,1.0,0.7894736842105263,1088,0.625,BNCI2014-004,1,1train
94,8,"(3, 4, 16)",4,1.0,0.5263157894736842,1088,0.7083333333333334,BNCI2014-004,1,1train
95,9,"(3, 4, 4)",0,0.9736842105263158,0.6,1136,0.6666666666666666,BNCI2014-004,1,1train
96,9,"(3, 4, 4)",1,0.987012987012987,0.6842105263157895,1136,0.7083333333333334,BNCI2014-004,1,1train
97,9,"(3, 4, 4)",2,1.0,0.631578947368421,1136,0.7083333333333334,BNCI2014-004,1,1train
98,9,"(3, 4, 4)",3,1.0,0.7894736842105263,1136,0.5833333333333334,BNCI2014-004,1,1train
99,9,"(3, 4, 4)",4,1.0,0.5263157894736842,1136,0.7083333333333334,BNCI2014-004,1,1train
100,0,"(1, 1, 1)",0,0.9411764705882353,0.6923076923076923,1,0.8125,BNCI2014-004,1,2train
101,0,"(1, 1, 1)",1,0.9019607843137255,0.6923076923076923,1,0.875,BNCI2014-004,1,2train
102,0,"(1, 1, 1)",2,0.9019607843137255,0.9230769230769231,1,0.90625,BNCI2014-004,1,2train
103,0,"(1, 1, 1)",3,0.9320388349514563,0.88,1,0.84375,BNCI2014-004,1,2train
104,0,"(1, 1, 1)",4,0.9223300970873787,0.88,1,0.90625,BNCI2014-004,1,2train
105,1,"(3, 4, 4)",0,0.9705882352941176,0.8076923076923077,49,0.875,BNCI2014-004,1,2train
106,1,"(3, 4, 4)",1,0.9117647058823529,0.8846153846153846,49,0.84375,BNCI2014-004,1,2train
107,1,"(3, 4, 4)",2,0.9411764705882353,0.8846153846153846,49,0.875,BNCI2014-004,1,2train
108,1,"(3, 4, 4)",3,0.970873786407767,0.68,49,0.90625,BNCI2014-004,1,2train
109,1,"(3, 4, 4)",4,0.970873786407767,0.84,49,0.84375,BNCI2014-004,1,2train
110,2,"(3, 4, 18)",0,0.9705882352941176,0.8076923076923077,265,0.84375,BNCI2014-004,1,2train
111,2,"(3, 4, 18)",1,0.9607843137254902,0.9230769230769231,265,0.875,BNCI2014-004,1,2train
112,2,"(3, 4, 18)",2,0.9803921568627451,0.8846153846153846,265,0.8125,BNCI2014-004,1,2train
113,2,"(3, 4, 18)",3,0.9902912621359223,0.72,265,0.8125,BNCI2014-004,1,2train
114,2,"(3, 4, 18)",4,0.9902912621359223,0.84,265,0.84375,BNCI2014-004,1,2train
115,3,"(3, 4, 18)",0,0.9607843137254902,0.8461538461538461,481,0.84375,BNCI2014-004,1,2train
116,3,"(3, 4, 18)",1,0.9607843137254902,0.9615384615384616,481,0.84375,BNCI2014-004,1,2train
117,3,"(3, 4, 18)",2,0.9705882352941176,0.8461538461538461,481,0.78125,BNCI2014-004,1,2train
118,3,"(3, 4, 18)",3,1.0,0.68,481,0.78125,BNCI2014-004,1,2train
119,3,"(3, 4, 18)",4,0.9902912621359223,0.84,481,0.84375,BNCI2014-004,1,2train
120,4,"(1, 1, 1)",0,0.9607843137254902,0.8076923076923077,482,0.78125,BNCI2014-004,1,2train
121,4,"(1, 1, 1)",1,0.9607843137254902,1.0,482,0.90625,BNCI2014-004,1,2train
122,4,"(1, 1, 1)",2,0.9803921568627451,0.8846153846153846,482,0.78125,BNCI2014-004,1,2train
123,4,"(1, 1, 1)",3,1.0,0.64,482,0.8125,BNCI2014-004,1,2train
124,4,"(1, 1, 1)",4,0.9902912621359223,0.84,482,0.8125,BNCI2014-004,1,2train
125,5,"(3, 4, 16)",0,0.9607843137254902,0.8076923076923077,674,0.8125,BNCI2014-004,1,2train
126,5,"(3, 4, 16)",1,0.9607843137254902,0.9230769230769231,674,0.90625,BNCI2014-004,1,2train
127,5,"(3, 4, 16)",2,0.9901960784313726,0.8846153846153846,674,0.75,BNCI2014-004,1,2train
128,5,"(3, 4, 16)",3,1.0,0.68,674,0.78125,BNCI2014-004,1,2train
129,5,"(3, 4, 16)",4,1.0,0.84,674,0.84375,BNCI2014-004,1,2train
130,6,"(1, 1, 1)",0,0.9607843137254902,0.8076923076923077,675,0.78125,BNCI2014-004,1,2train
131,6,"(1, 1, 1)",1,0.9607843137254902,0.9230769230769231,675,0.90625,BNCI2014-004,1,2train
132,6,"(1, 1, 1)",2,0.9901960784313726,0.8846153846153846,675,0.75,BNCI2014-004,1,2train
133,6,"(1, 1, 1)",3,1.0,0.68,675,0.8125,BNCI2014-004,1,2train
134,6,"(1, 1, 1)",4,1.0,0.84,675,0.84375,BNCI2014-004,1,2train
135,7,"(1, 1, 1)",0,0.9607843137254902,0.8076923076923077,676,0.78125,BNCI2014-004,1,2train
136,7,"(1, 1, 1)",1,0.9607843137254902,0.9230769230769231,676,0.875,BNCI2014-004,1,2train
137,7,"(1, 1, 1)",2,0.9901960784313726,0.8846153846153846,676,0.75,BNCI2014-004,1,2train
138,7,"(1, 1, 1)",3,1.0,0.68,676,0.78125,BNCI2014-004,1,2train
139,7,"(1, 1, 1)",4,1.0,0.84,676,0.84375,BNCI2014-004,1,2train
140,8,"(1, 1, 1)",0,0.9607843137254902,0.7692307692307693,677,0.78125,BNCI2014-004,1,2train
141,8,"(1, 1, 1)",1,0.9607843137254902,0.9615384615384616,677,0.875,BNCI2014-004,1,2train
142,8,"(1, 1, 1)",2,0.9901960784313726,0.8846153846153846,677,0.78125,BNCI2014-004,1,2train
143,8,"(1, 1, 1)",3,1.0,0.68,677,0.78125,BNCI2014-004,1,2train
144,8,"(1, 1, 1)",4,1.0,0.84,677,0.84375,BNCI2014-004,1,2train
145,9,"(1, 1, 1)",0,0.9705882352941176,0.8076923076923077,678,0.78125,BNCI2014-004,1,2train
146,9,"(1, 1, 1)",1,0.9607843137254902,0.8846153846153846,678,0.875,BNCI2014-004,1,2train
147,9,"(1, 1, 1)",2,0.9901960784313726,0.8846153846153846,678,0.78125,BNCI2014-004,1,2train
148,9,"(1, 1, 1)",3,1.0,0.68,678,0.78125,BNCI2014-004,1,2train
149,9,"(1, 1, 1)",4,1.0,0.84,678,0.84375,BNCI2014-004,1,2train
150,0,"(3, 4, 4)",0,0.9509803921568627,0.9615384615384616,48,0.90625,BNCI2014-004,1,3test
151,0,"(3, 4, 4)",1,0.9509803921568627,0.9230769230769231,48,0.8125,BNCI2014-004,1,3test
152,0,"(3, 4, 4)",2,0.9607843137254902,0.8846153846153846,48,0.84375,BNCI2014-004,1,3test
153,0,"(3, 4, 4)",3,0.941747572815534,0.92,48,0.78125,BNCI2014-004,1,3test
154,0,"(3, 4, 4)",4,0.9514563106796117,0.8,48,0.8125,BNCI2014-004,1,3test
155,1,"(2, 2, 2)",0,0.9705882352941176,0.9230769230769231,56,0.71875,BNCI2014-004,1,3test
156,1,"(2, 2, 2)",1,0.9803921568627451,0.8846153846153846,56,0.75,BNCI2014-004,1,3test
157,1,"(2, 2, 2)",2,0.9803921568627451,0.8461538461538461,56,0.84375,BNCI2014-004,1,3test
158,1,"(2, 2, 2)",3,0.9514563106796117,0.88,56,0.8125,BNCI2014-004,1,3test
159,1,"(2, 2, 2)",4,0.9611650485436893,0.76,56,0.75,BNCI2014-004,1,3test
160,2,"(1, 1, 1)",0,0.9705882352941176,0.8846153846153846,57,0.78125,BNCI2014-004,1,3test
161,2,"(1, 1, 1)",1,0.9705882352941176,0.8846153846153846,57,0.78125,BNCI2014-004,1,3test
162,2,"(1, 1, 1)",2,0.9803921568627451,0.7692307692307693,57,0.78125,BNCI2014-004,1,3test
163,2,"(1, 1, 1)",3,0.9514563106796117,0.92,57,0.71875,BNCI2014-004,1,3test
164,2,"(1, 1, 1)",4,0.9611650485436893,0.76,57,0.8125,BNCI2014-004,1,3test
165,3,"(2, 2, 2)",0,0.9803921568627451,0.8846153846153846,65,0.75,BNCI2014-004,1,3test
166,3,"(2, 2, 2)",1,0.9607843137254902,0.8461538461538461,65,0.8125,BNCI2014-004,1,3test
167,3,"(2, 2, 2)",2,0.9803921568627451,0.8076923076923077,65,0.75,BNCI2014-004,1,3test
168,3,"(2, 2, 2)",3,0.970873786407767,0.92,65,0.75,BNCI2014-004,1,3test
169,3,"(2, 2, 2)",4,0.9611650485436893,0.76,65,0.78125,BNCI2014-004,1,3test
170,4,"(1, 1, 1)",0,0.9901960784313726,0.8461538461538461,66,0.78125,BNCI2014-004,1,3test
171,4,"(1, 1, 1)",1,0.9705882352941176,0.8076923076923077,66,0.8125,BNCI2014-004,1,3test
172,4,"(1, 1, 1)",2,0.9803921568627451,0.8076923076923077,66,0.78125,BNCI2014-004,1,3test
173,4,"(1, 1, 1)",3,0.9805825242718447,0.84,66,0.78125,BNCI2014-004,1,3test
174,4,"(1, 1, 1)",4,0.9611650485436893,0.76,66,0.8125,BNCI2014-004,1,3test
175,5,"(3, 4, 16)",0,0.9803921568627451,0.8846153846153846,258,0.6875,BNCI2014-004,1,3test
176,5,"(3, 4, 16)",1,0.9705882352941176,0.8076923076923077,258,0.71875,BNCI2014-004,1,3test
177,5,"(3, 4, 16)",2,0.9901960784313726,0.7307692307692307,258,0.78125,BNCI2014-004,1,3test
178,5,"(3, 4, 16)",3,0.9805825242718447,0.8,258,0.71875,BNCI2014-004,1,3test
179,5,"(3, 4, 16)",4,0.970873786407767,0.76,258,0.8125,BNCI2014-004,1,3test
180,6,"(1, 1, 1)",0,0.9901960784313726,0.8846153846153846,259,0.71875,BNCI2014-004,1,3test
181,6,"(1, 1, 1)",1,0.9705882352941176,0.7692307692307693,259,0.75,BNCI2014-004,1,3test
182,6,"(1, 1, 1)",2,0.9901960784313726,0.7692307692307693,259,0.78125,BNCI2014-004,1,3test
183,6,"(1, 1, 1)",3,0.9805825242718447,0.72,259,0.75,BNCI2014-004,1,3test
184,6,"(1, 1, 1)",4,0.970873786407767,0.76,259,0.875,BNCI2014-004,1,3test
185,7,"(3, 4, 18)",0,0.9901960784313726,0.9230769230769231,475,0.6875,BNCI2014-004,1,3test
186,7,"(3, 4, 18)",1,0.9705882352941176,0.7692307692307693,475,0.8125,BNCI2014-004,1,3test
187,7,"(3, 4, 18)",2,0.9901960784313726,0.7692307692307693,475,0.8125,BNCI2014-004,1,3test
188,7,"(3, 4, 18)",3,0.9902912621359223,0.68,475,0.75,BNCI2014-004,1,3test
189,7,"(3, 4, 18)",4,0.9805825242718447,0.76,475,0.84375,BNCI2014-004,1,3test
190,8,"(3, 4, 4)",0,0.9901960784313726,0.9615384615384616,523,0.71875,BNCI2014-004,1,3test
191,8,"(3, 4, 4)",1,0.9705882352941176,0.8076923076923077,523,0.8125,BNCI2014-004,1,3test
192,8,"(3, 4, 4)",2,0.9901960784313726,0.7692307692307693,523,0.75,BNCI2014-004,1,3test
193,8,"(3, 4, 4)",3,0.9805825242718447,0.68,523,0.75,BNCI2014-004,1,3test
194,8,"(3, 4, 4)",4,0.9805825242718447,0.72,523,0.84375,BNCI2014-004,1,3test
195,9,"(1, 1, 1)",0,0.9901960784313726,0.9230769230769231,524,0.71875,BNCI2014-004,1,3test
196,9,"(1, 1, 1)",1,0.9705882352941176,0.7692307692307693,524,0.8125,BNCI2014-004,1,3test
197,9,"(1, 1, 1)",2,0.9901960784313726,0.7692307692307693,524,0.78125,BNCI2014-004,1,3test
198,9,"(1, 1, 1)",3,0.9805825242718447,0.68,524,0.75,BNCI2014-004,1,3test
199,9,"(1, 1, 1)",4,0.9805825242718447,0.72,524,0.84375,BNCI2014-004,1,3test
200,0,"(1, 1, 1)",0,0.9215686274509803,0.8461538461538461,1,0.71875,BNCI2014-004,1,4test
201,0,"(1, 1, 1)",1,0.9117647058823529,0.8076923076923077,1,0.78125,BNCI2014-004,1,4test
202,0,"(1, 1, 1)",2,0.8921568627450981,0.8461538461538461,1,0.75,BNCI2014-004,1,4test
203,0,"(1, 1, 1)",3,0.9029126213592233,0.88,1,0.6875,BNCI2014-004,1,4test
204,0,"(1, 1, 1)",4,0.9029126213592233,0.88,1,0.71875,BNCI2014-004,1,4test
205,1,"(2, 2, 2)",0,0.9313725490196079,0.8461538461538461,9,0.71875,BNCI2014-004,1,4test
206,1,"(2, 2, 2)",1,0.9509803921568627,0.6923076923076923,9,0.65625,BNCI2014-004,1,4test
207,1,"(2, 2, 2)",2,0.9215686274509803,0.8846153846153846,9,0.6875,BNCI2014-004,1,4test
208,1,"(2, 2, 2)",3,0.9514563106796117,0.88,9,0.71875,BNCI2014-004,1,4test
209,1,"(2, 2, 2)",4,0.9611650485436893,0.92,9,0.65625,BNCI2014-004,1,4test
210,2,"(3, 4, 16)",0,0.9509803921568627,0.8846153846153846,201,0.6875,BNCI2014-004,1,4test
211,2,"(3, 4, 16)",1,0.9411764705882353,0.6923076923076923,201,0.65625,BNCI2014-004,1,4test
212,2,"(3, 4, 16)",2,0.9215686274509803,0.8461538461538461,201,0.75,BNCI2014-004,1,4test
213,2,"(3, 4, 16)",3,0.970873786407767,0.84,201,0.71875,BNCI2014-004,1,4test
214,2,"(3, 4, 16)",4,0.9611650485436893,0.84,201,0.65625,BNCI2014-004,1,4test
215,3,"(1, 1, 1)",0,0.9411764705882353,0.8461538461538461,202,0.65625,BNCI2014-004,1,4test
216,3,"(1, 1, 1)",1,0.9607843137254902,0.7307692307692307,202,0.6875,BNCI2014-004,1,4test
217,3,"(1, 1, 1)",2,0.9313725490196079,0.8461538461538461,202,0.75,BNCI2014-004,1,4test
218,3,"(1, 1, 1)",3,0.9902912621359223,0.8,202,0.6875,BNCI2014-004,1,4test
219,3,"(1, 1, 1)",4,0.970873786407767,0.8,202,0.75,BNCI2014-004,1,4test
220,4,"(3, 4, 18)",0,0.9411764705882353,0.8846153846153846,418,0.6875,BNCI2014-004,1,4test
221,4,"(3, 4, 18)",1,0.9509803921568627,0.6923076923076923,418,0.65625,BNCI2014-004,1,4test
222,4,"(3, 4, 18)",2,0.9411764705882353,0.8461538461538461,418,0.75,BNCI2014-004,1,4test
223,4,"(3, 4, 18)",3,0.9805825242718447,0.8,418,0.6875,BNCI2014-004,1,4test
224,4,"(3, 4, 18)",4,0.970873786407767,0.8,418,0.71875,BNCI2014-004,1,4test
225,5,"(1, 1, 1)",0,0.9411764705882353,0.9230769230769231,419,0.71875,BNCI2014-004,1,4test
226,5,"(1, 1, 1)",1,0.9509803921568627,0.6923076923076923,419,0.6875,BNCI2014-004,1,4test
227,5,"(1, 1, 1)",2,0.9607843137254902,0.7307692307692307,419,0.78125,BNCI2014-004,1,4test
228,5,"(1, 1, 1)",3,0.9805825242718447,0.84,419,0.6875,BNCI2014-004,1,4test
229,5,"(1, 1, 1)",4,0.9805825242718447,0.76,419,0.78125,BNCI2014-004,1,4test
230,6,"(3, 4, 4)",0,0.9509803921568627,0.8846153846153846,467,0.75,BNCI2014-004,1,4test
231,6,"(3, 4, 4)",1,0.9705882352941176,0.6923076923076923,467,0.625,BNCI2014-004,1,4test
232,6,"(3, 4, 4)",2,0.9509803921568627,0.6538461538461539,467,0.75,BNCI2014-004,1,4test
233,6,"(3, 4, 4)",3,0.9902912621359223,0.8,467,0.71875,BNCI2014-004,1,4test
234,6,"(3, 4, 4)",4,0.970873786407767,0.8,467,0.71875,BNCI2014-004,1,4test
235,7,"(1, 1, 1)",0,0.9509803921568627,0.9230769230769231,468,0.71875,BNCI2014-004,1,4test
236,7,"(1, 1, 1)",1,0.9705882352941176,0.7307692307692307,468,0.5625,BNCI2014-004,1,4test
237,7,"(1, 1, 1)",2,0.9607843137254902,0.6538461538461539,468,0.75,BNCI2014-004,1,4test
238,7,"(1, 1, 1)",3,0.9902912621359223,0.76,468,0.6875,BNCI2014-004,1,4test
239,7,"(1, 1, 1)",4,0.9805825242718447,0.76,468,0.65625,BNCI2014-004,1,4test
240,8,"(3, 4, 18)",0,0.9509803921568627,0.9230769230769231,684,0.6875,BNCI2014-004,1,4test
241,8,"(3, 4, 18)",1,0.9705882352941176,0.6923076923076923,684,0.5625,BNCI2014-004,1,4test
242,8,"(3, 4, 18)",2,0.9705882352941176,0.6153846153846154,684,0.75,BNCI2014-004,1,4test
243,8,"(3, 4, 18)",3,0.9902912621359223,0.76,684,0.6875,BNCI2014-004,1,4test
244,8,"(3, 4, 18)",4,0.9805825242718447,0.8,684,0.65625,BNCI2014-004,1,4test
245,9,"(3, 4, 18)",0,0.9607843137254902,0.9230769230769231,900,0.65625,BNCI2014-004,1,4test
246,9,"(3, 4, 18)",1,0.9901960784313726,0.6538461538461539,900,0.5625,BNCI2014-004,1,4test
247,9,"(3, 4, 18)",2,0.9803921568627451,0.6538461538461539,900,0.71875,BNCI2014-004,1,4test
248,9,"(3, 4, 18)",3,1.0,0.76,900,0.65625,BNCI2014-004,1,4test
249,9,"(3, 4, 18)",4,0.9805825242718447,0.8,900,0.65625,BNCI2014-004,1,4test
250,0,"(1, 1, 1)",0,0.8157894736842105,0.6,1,0.5416666666666666,BNCI2014-004,2,0train
251,0,"(1, 1, 1)",1,0.7922077922077922,0.5789473684210527,1,0.5,BNCI2014-004,2,0train
252,0,"(1, 1, 1)",2,0.8441558441558441,0.7368421052631579,1,0.5,BNCI2014-004,2,0train
253,0,"(1, 1, 1)",3,0.7662337662337663,0.631578947368421,1,0.5416666666666666,BNCI2014-004,2,0train
254,0,"(1, 1, 1)",4,0.8051948051948052,0.8421052631578947,1,0.4583333333333333,BNCI2014-004,2,0train
255,1,"(3, 4, 16)",0,0.881578947368421,0.55,193,0.5416666666666666,BNCI2014-004,2,0train
256,1,"(3, 4, 16)",1,0.8831168831168831,0.5789473684210527,193,0.375,BNCI2014-004,2,0train
257,1,"(3, 4, 16)",2,0.8831168831168831,0.5789473684210527,193,0.5416666666666666,BNCI2014-004,2,0train
258,1,"(3, 4, 16)",3,0.8571428571428571,0.631578947368421,193,0.4166666666666667,BNCI2014-004,2,0train
259,1,"(3, 4, 16)",4,0.8441558441558441,0.6842105263157895,193,0.375,BNCI2014-004,2,0train
260,2,"(3, 4, 18)",0,0.9078947368421053,0.55,409,0.5416666666666666,BNCI2014-004,2,0train
261,2,"(3, 4, 18)",1,0.961038961038961,0.6842105263157895,409,0.3333333333333333,BNCI2014-004,2,0train
262,2,"(3, 4, 18)",2,0.8961038961038961,0.631578947368421,409,0.4166666666666667,BNCI2014-004,2,0train
263,2,"(3, 4, 18)",3,0.9090909090909091,0.5263157894736842,409,0.4166666666666667,BNCI2014-004,2,0train
264,2,"(3, 4, 18)",4,0.8571428571428571,0.6842105263157895,409,0.5,BNCI2014-004,2,0train
265,3,"(3, 4, 18)",0,0.9210526315789473,0.6,625,0.5416666666666666,BNCI2014-004,2,0train
266,3,"(3, 4, 18)",1,0.948051948051948,0.5263157894736842,625,0.3333333333333333,BNCI2014-004,2,0train
267,3,"(3, 4, 18)",2,0.8961038961038961,0.5789473684210527,625,0.375,BNCI2014-004,2,0train
268,3,"(3, 4, 18)",3,0.935064935064935,0.6842105263157895,625,0.4583333333333333,BNCI2014-004,2,0train
269,3,"(3, 4, 18)",4,0.8831168831168831,0.7368421052631579,625,0.5,BNCI2014-004,2,0train
270,4,"(3, 4, 8)",0,0.9473684210526315,0.6,721,0.5416666666666666,BNCI2014-004,2,0train
271,4,"(3, 4, 8)",1,0.987012987012987,0.5789473684210527,721,0.375,BNCI2014-004,2,0train
272,4,"(3, 4, 8)",2,0.948051948051948,0.5789473684210527,721,0.4166666666666667,BNCI2014-004,2,0train
273,4,"(3, 4, 8)",3,0.935064935064935,0.5789473684210527,721,0.375,BNCI2014-004,2,0train
274,4,"(3, 4, 8)",4,0.922077922077922,0.7894736842105263,721,0.4166666666666667,BNCI2014-004,2,0train
275,5,"(3, 4, 4)",0,0.9736842105263158,0.6,769,0.5416666666666666,BNCI2014-004,2,0train
276,5,"(3, 4, 4)",1,1.0,0.5263157894736842,769,0.375,BNCI2014-004,2,0train
277,5,"(3, 4, 4)",2,0.935064935064935,0.5263157894736842,769,0.4166666666666667,BNCI2014-004,2,0train
278,5,"(3, 4, 4)",3,0.935064935064935,0.5789473684210527,769,0.375,BNCI2014-004,2,0train
279,5,"(3, 4, 4)",4,0.935064935064935,0.7894736842105263,769,0.4583333333333333,BNCI2014-004,2,0train
280,6,"(3, 4, 4)",0,0.9868421052631579,0.5,817,0.4583333333333333,BNCI2014-004,2,0train
281,6,"(3, 4, 4)",1,1.0,0.47368421052631576,817,0.3333333333333333,BNCI2014-004,2,0train
282,6,"(3, 4, 4)",2,0.935064935064935,0.631578947368421,817,0.4166666666666667,BNCI2014-004,2,0train
283,6,"(3, 4, 4)",3,0.948051948051948,0.47368421052631576,817,0.3333333333333333,BNCI2014-004,2,0train
284,6,"(3, 4, 4)",4,0.948051948051948,0.7894736842105263,817,0.3333333333333333,BNCI2014-004,2,0train
285,7,"(3, 4, 4)",0,0.9868421052631579,0.5,865,0.5,BNCI2014-004,2,0train
286,7,"(3, 4, 4)",1,1.0,0.47368421052631576,865,0.2916666666666667,BNCI2014-004,2,0train
287,7,"(3, 4, 4)",2,0.935064935064935,0.631578947368421,865,0.4166666666666667,BNCI2014-004,2,0train
288,7,"(3, 4, 4)",3,0.948051948051948,0.5263157894736842,865,0.375,BNCI2014-004,2,0train
289,7,"(3, 4, 4)",4,0.948051948051948,0.7894736842105263,865,0.3333333333333333,BNCI2014-004,2,0train
290,8,"(3, 4, 8)",0,0.9736842105263158,0.5,1129,0.4166666666666667,BNCI2014-004,2,0train
291,8,"(3, 4, 8)",1,1.0,0.42105263157894735,1129,0.2916666666666667,BNCI2014-004,2,0train
292,8,"(3, 4, 8)",2,0.948051948051948,0.631578947368421,1129,0.4166666666666667,BNCI2014-004,2,0train
293,8,"(3, 4, 8)",3,0.961038961038961,0.5263157894736842,1129,0.4583333333333333,BNCI2014-004,2,0train
294,8,"(3, 4, 8)",4,0.961038961038961,0.7894736842105263,1129,0.375,BNCI2014-004,2,0train
295,9,"(3, 4, 16)",0,0.9868421052631579,0.5,1321,0.4166666666666667,BNCI2014-004,2,0train
296,9,"(3, 4, 16)",1,1.0,0.3684210526315789,1321,0.25,BNCI2014-004,2,0train
297,9,"(3, 4, 16)",2,0.961038961038961,0.631578947368421,1321,0.5,BNCI2014-004,2,0train
298,9,"(3, 4, 16)",3,0.961038961038961,0.5263157894736842,1321,0.375,BNCI2014-004,2,0train
299,9,"(3, 4, 16)",4,0.961038961038961,0.7894736842105263,1321,0.375,BNCI2014-004,2,0train
300,0,"(2, 2, 2)",0,0.7894736842105263,0.55,8,0.5416666666666666,BNCI2014-004,2,1train
301,0,"(2, 2, 2)",1,0.7792207792207793,0.42105263157894735,8,0.5,BNCI2014-004,2,1train
302,0,"(2, 2, 2)",2,0.7922077922077922,0.631578947368421,8,0.5416666666666666,BNCI2014-004,2,1train
303,0,"(2, 2, 2)",3,0.7532467532467533,0.6842105263157895,8,0.5416666666666666,BNCI2014-004,2,1train
304,0,"(2, 2, 2)",4,0.7402597402597403,0.631578947368421,8,0.625,BNCI2014-004,2,1train
305,1,"(3, 4, 18)",0,0.8947368421052632,0.4,224,0.625,BNCI2014-004,2,1train
306,1,"(3, 4, 18)",1,0.8571428571428571,0.5263157894736842,224,0.4583333333333333,BNCI2014-004,2,1train
307,1,"(3, 4, 18)",2,0.8051948051948052,0.6842105263157895,224,0.5833333333333334,BNCI2014-004,2,1train
308,1,"(3, 4, 18)",3,0.8051948051948052,0.6842105263157895,224,0.625,BNCI2014-004,2,1train
309,1,"(3, 4, 18)",4,0.7662337662337663,0.631578947368421,224,0.6666666666666666,BNCI2014-004,2,1train
310,2,"(3, 4, 18)",0,0.9210526315789473,0.55,440,0.75,BNCI2014-004,2,1train
311,2,"(3, 4, 18)",1,0.8181818181818182,0.42105263157894735,440,0.625,BNCI2014-004,2,1train
312,2,"(3, 4, 18)",2,0.8181818181818182,0.7894736842105263,440,0.7083333333333334,BNCI2014-004,2,1train
313,2,"(3, 4, 18)",3,0.8571428571428571,0.5789473684210527,440,0.625,BNCI2014-004,2,1train
314,2,"(3, 4, 18)",4,0.8311688311688312,0.6842105263157895,440,0.6666666666666666,BNCI2014-004,2,1train
315,3,"(3, 4, 16)",0,0.9473684210526315,0.6,632,0.5416666666666666,BNCI2014-004,2,1train
316,3,"(3, 4, 16)",1,0.9090909090909091,0.5263157894736842,632,0.5833333333333334,BNCI2014-004,2,1train
317,3,"(3, 4, 16)",2,0.8311688311688312,0.8421052631578947,632,0.6666666666666666,BNCI2014-004,2,1train
318,3,"(3, 4, 16)",3,0.8701298701298701,0.631578947368421,632,0.6666666666666666,BNCI2014-004,2,1train
319,3,"(3, 4, 16)",4,0.8571428571428571,0.631578947368421,632,0.6666666666666666,BNCI2014-004,2,1train
320,4,"(3, 4, 18)",0,0.9736842105263158,0.6,848,0.5,BNCI2014-004,2,1train
321,4,"(3, 4, 18)",1,0.922077922077922,0.42105263157894735,848,0.5,BNCI2014-004,2,1train
322,4,"(3, 4, 18)",2,0.8311688311688312,0.8421052631578947,848,0.6666666666666666,BNCI2014-004,2,1train
323,4,"(3, 4, 18)",3,0.8961038961038961,0.5789473684210527,848,0.6666666666666666,BNCI2014-004,2,1train
324,4,"(3, 4, 18)",4,0.8571428571428571,0.7368421052631579,848,0.6666666666666666,BNCI2014-004,2,1train
325,5,"(3, 4, 16)",0,0.9736842105263158,0.6,1040,0.4583333333333333,BNCI2014-004,2,1train
326,5,"(3, 4, 16)",1,0.961038961038961,0.47368421052631576,1040,0.5833333333333334,BNCI2014-004,2,1train
327,5,"(3, 4, 16)",2,0.8701298701298701,0.7894736842105263,1040,0.7083333333333334,BNCI2014-004,2,1train
328,5,"(3, 4, 16)",3,0.9090909090909091,0.631578947368421,1040,0.5833333333333334,BNCI2014-004,2,1train
329,5,"(3, 4, 16)",4,0.8571428571428571,0.6842105263157895,1040,0.7083333333333334,BNCI2014-004,2,1train
330,6,"(1, 1, 1)",0,0.9736842105263158,0.6,1041,0.4166666666666667,BNCI2014-004,2,1train
331,6,"(1, 1, 1)",1,0.961038961038961,0.5263157894736842,1041,0.5833333333333334,BNCI2014-004,2,1train
332,6,"(1, 1, 1)",2,0.8701298701298701,0.7894736842105263,1041,0.7083333333333334,BNCI2014-004,2,1train
333,6,"(1, 1, 1)",3,0.922077922077922,0.631578947368421,1041,0.625,BNCI2014-004,2,1train
334,6,"(1, 1, 1)",4,0.8831168831168831,0.5789473684210527,1041,0.7083333333333334,BNCI2014-004,2,1train
335,7,"(1, 1, 1)",0,0.9736842105263158,0.55,1042,0.4583333333333333,BNCI2014-004,2,1train
336,7,"(1, 1, 1)",1,0.961038961038961,0.5263157894736842,1042,0.5,BNCI2014-004,2,1train
337,7,"(1, 1, 1)",2,0.8961038961038961,0.8421052631578947,1042,0.6666666666666666,BNCI2014-004,2,1train
338,7,"(1, 1, 1)",3,0.935064935064935,0.631578947368421,1042,0.6666666666666666,BNCI2014-004,2,1train
339,7,"(1, 1, 1)",4,0.8441558441558441,0.5263157894736842,1042,0.6666666666666666,BNCI2014-004,2,1train
340,8,"(1, 1, 1)",0,0.9736842105263158,0.55,1043,0.4583333333333333,BNCI2014-004,2,1train
341,8,"(1, 1, 1)",1,0.948051948051948,0.47368421052631576,1043,0.5,BNCI2014-004,2,1train
342,8,"(1, 1, 1)",2,0.9090909090909091,0.8421052631578947,1043,0.75,BNCI2014-004,2,1train
343,8,"(1, 1, 1)",3,0.922077922077922,0.5789473684210527,1043,0.6666666666666666,BNCI2014-004,2,1train
344,8,"(1, 1, 1)",4,0.8961038961038961,0.5789473684210527,1043,0.625,BNCI2014-004,2,1train
345,9,"(2, 2, 2)",0,0.9868421052631579,0.35,1051,0.4583333333333333,BNCI2014-004,2,1train
346,9,"(2, 2, 2)",1,0.948051948051948,0.47368421052631576,1051,0.4583333333333333,BNCI2014-004,2,1train
347,9,"(2, 2, 2)",2,0.8701298701298701,0.7894736842105263,1051,0.7916666666666666,BNCI2014-004,2,1train
348,9,"(2, 2, 2)",3,0.935064935064935,0.631578947368421,1051,0.5833333333333334,BNCI2014-004,2,1train
349,9,"(2, 2, 2)",4,0.8961038961038961,0.5789473684210527,1051,0.5833333333333334,BNCI2014-004,2,1train
350,0,"(3, 4, 8)",0,0.8529411764705882,0.6538461538461539,96,0.5625,BNCI2014-004,2,2train
351,0,"(3, 4, 8)",1,0.9117647058823529,0.5769230769230769,96,0.4375,BNCI2014-004,2,2train
352,0,"(3, 4, 8)",2,0.8823529411764706,0.5384615384615384,96,0.46875,BNCI2014-004,2,2train
353,0,"(3, 4, 8)",3,0.8543689320388349,0.64,96,0.53125,BNCI2014-004,2,2train
354,0,"(3, 4, 8)",4,0.8932038834951457,0.52,96,0.65625,BNCI2014-004,2,2train
355,1,"(1, 1, 1)",0,0.8627450980392157,0.5769230769230769,97,0.6875,BNCI2014-004,2,2train
356,1,"(1, 1, 1)",1,0.9313725490196079,0.6538461538461539,97,0.46875,BNCI2014-004,2,2train
357,1,"(1, 1, 1)",2,0.9215686274509803,0.6153846153846154,97,0.4375,BNCI2014-004,2,2train
358,1,"(1, 1, 1)",3,0.8737864077669902,0.6,97,0.5,BNCI2014-004,2,2train
359,1,"(1, 1, 1)",4,0.8446601941747572,0.52,97,0.59375,BNCI2014-004,2,2train
360,2,"(3, 4, 16)",0,0.8921568627450981,0.6538461538461539,289,0.5625,BNCI2014-004,2,2train
361,2,"(3, 4, 16)",1,0.9215686274509803,0.5769230769230769,289,0.5625,BNCI2014-004,2,2train
362,2,"(3, 4, 16)",2,0.9313725490196079,0.6538461538461539,289,0.4375,BNCI2014-004,2,2train
363,2,"(3, 4, 16)",3,0.9223300970873787,0.72,289,0.59375,BNCI2014-004,2,2train
364,2,"(3, 4, 16)",4,0.9223300970873787,0.48,289,0.5625,BNCI2014-004,2,2train
365,3,"(3, 4, 8)",0,0.9019607843137255,0.5769230769230769,385,0.5,BNCI2014-004,2,2train
366,3,"(3, 4, 8)",1,0.9313725490196079,0.6153846153846154,385,0.46875,BNCI2014-004,2,2train
367,3,"(3, 4, 8)",2,0.9313725490196079,0.6538461538461539,385,0.40625,BNCI2014-004,2,2train
368,3,"(3, 4, 8)",3,0.9514563106796117,0.64,385,0.59375,BNCI2014-004,2,2train
369,3,"(3, 4, 8)",4,0.9611650485436893,0.52,385,0.5,BNCI2014-004,2,2train
370,4,"(2, 2, 2)",0,0.9117647058823529,0.5384615384615384,393,0.5,BNCI2014-004,2,2train
371,4,"(2, 2, 2)",1,0.9313725490196079,0.6153846153846154,393,0.53125,BNCI2014-004,2,2train
372,4,"(2, 2, 2)",2,0.9215686274509803,0.6538461538461539,393,0.40625,BNCI2014-004,2,2train
373,4,"(2, 2, 2)",3,0.9514563106796117,0.72,393,0.625,BNCI2014-004,2,2train
374,4,"(2, 2, 2)",4,0.9514563106796117,0.52,393,0.53125,BNCI2014-004,2,2train
375,5,"(3, 4, 18)",0,0.9019607843137255,0.5384615384615384,609,0.5625,BNCI2014-004,2,2train
376,5,"(3, 4, 18)",1,0.9509803921568627,0.6153846153846154,609,0.4375,BNCI2014-004,2,2train
377,5,"(3, 4, 18)",2,0.9313725490196079,0.7307692307692307,609,0.4375,BNCI2014-004,2,2train
378,5,"(3, 4, 18)",3,0.9514563106796117,0.76,609,0.59375,BNCI2014-004,2,2train
379,5,"(3, 4, 18)",4,0.9611650485436893,0.56,609,0.5,BNCI2014-004,2,2train
380,6,"(3, 4, 4)",0,0.9411764705882353,0.5384615384615384,657,0.53125,BNCI2014-004,2,2train
381,6,"(3, 4, 4)",1,0.9607843137254902,0.6538461538461539,657,0.40625,BNCI2014-004,2,2train
382,6,"(3, 4, 4)",2,0.9411764705882353,0.7307692307692307,657,0.40625,BNCI2014-004,2,2train
383,6,"(3, 4, 4)",3,0.9514563106796117,0.76,657,0.53125,BNCI2014-004,2,2train
384,6,"(3, 4, 4)",4,0.9611650485436893,0.52,657,0.46875,BNCI2014-004,2,2train
385,7,"(1, 1, 1)",0,0.9509803921568627,0.5769230769230769,658,0.46875,BNCI2014-004,2,2train
386,7,"(1, 1, 1)",1,0.9607843137254902,0.6153846153846154,658,0.375,BNCI2014-004,2,2train
387,7,"(1, 1, 1)",2,0.9411764705882353,0.6923076923076923,658,0.4375,BNCI2014-004,2,2train
388,7,"(1, 1, 1)",3,0.941747572815534,0.76,658,0.53125,BNCI2014-004,2,2train
389,7,"(1, 1, 1)",4,0.9611650485436893,0.56,658,0.46875,BNCI2014-004,2,2train
390,8,"(1, 1, 1)",0,0.9509803921568627,0.5769230769230769,659,0.40625,BNCI2014-004,2,2train
391,8,"(1, 1, 1)",1,0.9607843137254902,0.6153846153846154,659,0.40625,BNCI2014-004,2,2train
392,8,"(1, 1, 1)",2,0.9411764705882353,0.6923076923076923,659,0.4375,BNCI2014-004,2,2train
393,8,"(1, 1, 1)",3,0.9611650485436893,0.68,659,0.5,BNCI2014-004,2,2train
394,8,"(1, 1, 1)",4,0.9611650485436893,0.6,659,0.5,BNCI2014-004,2,2train
395,9,"(3, 4, 8)",0,0.9509803921568627,0.5769230769230769,755,0.40625,BNCI2014-004,2,2train
396,9,"(3, 4, 8)",1,0.9607843137254902,0.6153846153846154,755,0.40625,BNCI2014-004,2,2train
397,9,"(3, 4, 8)",2,0.9509803921568627,0.6538461538461539,755,0.53125,BNCI2014-004,2,2train
398,9,"(3, 4, 8)",3,0.970873786407767,0.68,755,0.53125,BNCI2014-004,2,2train
399,9,"(3, 4, 8)",4,0.9611650485436893,0.52,755,0.53125,BNCI2014-004,2,2train
400,0,"(3, 4, 18)",0,0.8289473684210527,0.5,216,0.625,BNCI2014-004,2,3test
401,0,"(3, 4, 18)",1,0.8571428571428571,0.5789473684210527,216,0.4166666666666667,BNCI2014-004,2,3test
402,0,"(3, 4, 18)",2,0.8831168831168831,0.5789473684210527,216,0.3333333333333333,BNCI2014-004,2,3test
403,0,"(3, 4, 18)",3,0.9090909090909091,0.6842105263157895,216,0.3333333333333333,BNCI2014-004,2,3test
404,0,"(3, 4, 18)",4,0.8571428571428571,0.42105263157894735,216,0.5833333333333334,BNCI2014-004,2,3test
405,1,"(3, 4, 8)",0,0.9342105263157895,0.7,312,0.5,BNCI2014-004,2,3test
406,1,"(3, 4, 8)",1,0.9090909090909091,0.47368421052631576,312,0.375,BNCI2014-004,2,3test
407,1,"(3, 4, 8)",2,0.935064935064935,0.631578947368421,312,0.5416666666666666,BNCI2014-004,2,3test
408,1,"(3, 4, 8)",3,0.8961038961038961,0.6842105263157895,312,0.2916666666666667,BNCI2014-004,2,3test
409,1,"(3, 4, 8)",4,0.8961038961038961,0.5263157894736842,312,0.5416666666666666,BNCI2014-004,2,3test
410,2,"(3, 4, 18)",0,0.9342105263157895,0.7,528,0.4583333333333333,BNCI2014-004,2,3test
411,2,"(3, 4, 18)",1,0.935064935064935,0.5263157894736842,528,0.5833333333333334,BNCI2014-004,2,3test
412,2,"(3, 4, 18)",2,0.974025974025974,0.5789473684210527,528,0.5,BNCI2014-004,2,3test
413,2,"(3, 4, 18)",3,0.935064935064935,0.631578947368421,528,0.2916666666666667,BNCI2014-004,2,3test
414,2,"(3, 4, 18)",4,0.948051948051948,0.5263157894736842,528,0.6666666666666666,BNCI2014-004,2,3test
415,3,"(3, 4, 18)",0,0.9342105263157895,0.7,744,0.4583333333333333,BNCI2014-004,2,3test
416,3,"(3, 4, 18)",1,0.948051948051948,0.5789473684210527,744,0.5,BNCI2014-004,2,3test
417,3,"(3, 4, 18)",2,0.974025974025974,0.631578947368421,744,0.5,BNCI2014-004,2,3test
418,3,"(3, 4, 18)",3,0.922077922077922,0.6842105263157895,744,0.2916666666666667,BNCI2014-004,2,3test
419,3,"(3, 4, 18)",4,0.935064935064935,0.47368421052631576,744,0.5416666666666666,BNCI2014-004,2,3test
420,4,"(3, 4, 18)",0,0.9210526315789473,0.7,960,0.5,BNCI2014-004,2,3test
421,4,"(3, 4, 18)",1,0.948051948051948,0.6842105263157895,960,0.5833333333333334,BNCI2014-004,2,3test
422,4,"(3, 4, 18)",2,0.974025974025974,0.631578947368421,960,0.5416666666666666,BNCI2014-004,2,3test
423,4,"(3, 4, 18)",3,0.961038961038961,0.631578947368421,960,0.2916666666666667,BNCI2014-004,2,3test
424,4,"(3, 4, 18)",4,0.922077922077922,0.47368421052631576,960,0.625,BNCI2014-004,2,3test
425,5,"(1, 1, 1)",0,0.9210526315789473,0.65,961,0.4583333333333333,BNCI2014-004,2,3test
426,5,"(1, 1, 1)",1,0.948051948051948,0.631578947368421,961,0.6666666666666666,BNCI2014-004,2,3test
427,5,"(1, 1, 1)",2,0.974025974025974,0.631578947368421,961,0.5,BNCI2014-004,2,3test
428,5,"(1, 1, 1)",3,0.961038961038961,0.7368421052631579,961,0.2916666666666667,BNCI2014-004,2,3test
429,5,"(1, 1, 1)",4,0.922077922077922,0.5789473684210527,961,0.5416666666666666,BNCI2014-004,2,3test
430,6,"(3, 4, 18)",0,0.9210526315789473,0.6,1177,0.4583333333333333,BNCI2014-004,2,3test
431,6,"(3, 4, 18)",1,0.961038961038961,0.5263157894736842,1177,0.625,BNCI2014-004,2,3test
432,6,"(3, 4, 18)",2,1.0,0.7368421052631579,1177,0.5833333333333334,BNCI2014-004,2,3test
433,6,"(3, 4, 18)",3,0.974025974025974,0.7368421052631579,1177,0.25,BNCI2014-004,2,3test
434,6,"(3, 4, 18)",4,0.935064935064935,0.5789473684210527,1177,0.5833333333333334,BNCI2014-004,2,3test
435,7,"(1, 1, 1)",0,0.9210526315789473,0.6,1178,0.5,BNCI2014-004,2,3test
436,7,"(1, 1, 1)",1,0.961038961038961,0.5789473684210527,1178,0.5833333333333334,BNCI2014-004,2,3test
437,7,"(1, 1, 1)",2,1.0,0.6842105263157895,1178,0.5833333333333334,BNCI2014-004,2,3test
438,7,"(1, 1, 1)",3,0.987012987012987,0.631578947368421,1178,0.3333333333333333,BNCI2014-004,2,3test
439,7,"(1, 1, 1)",4,0.935064935064935,0.5789473684210527,1178,0.4583333333333333,BNCI2014-004,2,3test
440,8,"(3, 4, 4)",0,0.9342105263157895,0.6,1226,0.4583333333333333,BNCI2014-004,2,3test
441,8,"(3, 4, 4)",1,0.961038961038961,0.47368421052631576,1226,0.7083333333333334,BNCI2014-004,2,3test
442,8,"(3, 4, 4)",2,1.0,0.7368421052631579,1226,0.5833333333333334,BNCI2014-004,2,3test
443,8,"(3, 4, 4)",3,0.987012987012987,0.631578947368421,1226,0.25,BNCI2014-004,2,3test
444,8,"(3, 4, 4)",4,0.974025974025974,0.5789473684210527,1226,0.2916666666666667,BNCI2014-004,2,3test
445,9,"(3, 4, 16)",0,0.9342105263157895,0.65,1418,0.4583333333333333,BNCI2014-004,2,3test
446,9,"(3, 4, 16)",1,0.974025974025974,0.5263157894736842,1418,0.7083333333333334,BNCI2014-004,2,3test
447,9,"(3, 4, 16)",2,1.0,0.6842105263157895,1418,0.5416666666666666,BNCI2014-004,2,3test
448,9,"(3, 4, 16)",3,0.987012987012987,0.5789473684210527,1418,0.2916666666666667,BNCI2014-004,2,3test
449,9,"(3, 4, 16)",4,0.974025974025974,0.5789473684210527,1418,0.3333333333333333,BNCI2014-004,2,3test
450,0,"(3, 4, 18)",0,0.8137254901960784,0.5384615384615384,216,0.59375,BNCI2014-004,2,4test
451,0,"(3, 4, 18)",1,0.7254901960784313,0.5769230769230769,216,0.5,BNCI2014-004,2,4test
452,0,"(3, 4, 18)",2,0.7549019607843137,0.5769230769230769,216,0.53125,BNCI2014-004,2,4test
453,0,"(3, 4, 18)",3,0.7184466019417476,0.48,216,0.625,BNCI2014-004,2,4test
454,0,"(3, 4, 18)",4,0.7184466019417476,0.48,216,0.53125,BNCI2014-004,2,4test
455,1,"(3, 4, 8)",0,0.8725490196078431,0.5,312,0.59375,BNCI2014-004,2,4test
456,1,"(3, 4, 8)",1,0.8431372549019608,0.5,312,0.4375,BNCI2014-004,2,4test
457,1,"(3, 4, 8)",2,0.8431372549019608,0.46153846153846156,312,0.53125,BNCI2014-004,2,4test
458,1,"(3, 4, 8)",3,0.8058252427184466,0.6,312,0.625,BNCI2014-004,2,4test
459,1,"(3, 4, 8)",4,0.8349514563106796,0.6,312,0.5625,BNCI2014-004,2,4test
460,2,"(3, 4, 4)",0,0.8823529411764706,0.5384615384615384,360,0.625,BNCI2014-004,2,4test
461,2,"(3, 4, 4)",1,0.8235294117647058,0.6153846153846154,360,0.4375,BNCI2014-004,2,4test
462,2,"(3, 4, 4)",2,0.8529411764705882,0.5769230769230769,360,0.53125,BNCI2014-004,2,4test
463,2,"(3, 4, 4)",3,0.8252427184466019,0.6,360,0.625,BNCI2014-004,2,4test
464,2,"(3, 4, 4)",4,0.8349514563106796,0.56,360,0.5625,BNCI2014-004,2,4test
465,3,"(1, 1, 1)",0,0.9411764705882353,0.5,361,0.6875,BNCI2014-004,2,4test
466,3,"(1, 1, 1)",1,0.8431372549019608,0.6153846153846154,361,0.46875,BNCI2014-004,2,4test
467,3,"(1, 1, 1)",2,0.8627450980392157,0.5384615384615384,361,0.625,BNCI2014-004,2,4test
468,3,"(1, 1, 1)",3,0.8155339805825242,0.64,361,0.59375,BNCI2014-004,2,4test
469,3,"(1, 1, 1)",4,0.8640776699029126,0.64,361,0.5625,BNCI2014-004,2,4test
470,4,"(3, 4, 16)",0,0.9313725490196079,0.5384615384615384,553,0.65625,BNCI2014-004,2,4test
471,4,"(3, 4, 16)",1,0.8333333333333334,0.6538461538461539,553,0.53125,BNCI2014-004,2,4test
472,4,"(3, 4, 16)",2,0.8921568627450981,0.5384615384615384,553,0.625,BNCI2014-004,2,4test
473,4,"(3, 4, 16)",3,0.8252427184466019,0.64,553,0.53125,BNCI2014-004,2,4test
474,4,"(3, 4, 16)",4,0.912621359223301,0.64,553,0.59375,BNCI2014-004,2,4test
475,5,"(1, 1, 1)",0,0.9215686274509803,0.5769230769230769,554,0.625,BNCI2014-004,2,4test
476,5,"(1, 1, 1)",1,0.8725490196078431,0.6538461538461539,554,0.4375,BNCI2014-004,2,4test
477,5,"(1, 1, 1)",2,0.9117647058823529,0.5,554,0.65625,BNCI2014-004,2,4test
478,5,"(1, 1, 1)",3,0.8349514563106796,0.56,554,0.59375,BNCI2014-004,2,4test
479,5,"(1, 1, 1)",4,0.9029126213592233,0.64,554,0.5625,BNCI2014-004,2,4test
480,6,"(1, 1, 1)",0,0.9215686274509803,0.6153846153846154,555,0.6875,BNCI2014-004,2,4test
481,6,"(1, 1, 1)",1,0.8823529411764706,0.6153846153846154,555,0.46875,BNCI2014-004,2,4test
482,6,"(1, 1, 1)",2,0.9313725490196079,0.5769230769230769,555,0.65625,BNCI2014-004,2,4test
483,6,"(1, 1, 1)",3,0.8349514563106796,0.52,555,0.59375,BNCI2014-004,2,4test
484,6,"(1, 1, 1)",4,0.9029126213592233,0.68,555,0.5625,BNCI2014-004,2,4test
485,7,"(1, 1, 1)",0,0.9215686274509803,0.5769230769230769,556,0.71875,BNCI2014-004,2,4test
486,7,"(1, 1, 1)",1,0.8823529411764706,0.6153846153846154,556,0.46875,BNCI2014-004,2,4test
487,7,"(1, 1, 1)",2,0.9117647058823529,0.5769230769230769,556,0.71875,BNCI2014-004,2,4test
488,7,"(1, 1, 1)",3,0.8349514563106796,0.52,556,0.59375,BNCI2014-004,2,4test
489,7,"(1, 1, 1)",4,0.9029126213592233,0.68,556,0.5625,BNCI2014-004,2,4test
490,8,"(3, 4, 16)",0,0.9411764705882353,0.5769230769230769,748,0.6875,BNCI2014-004,2,4test
491,8,"(3, 4, 16)",1,0.8921568627450981,0.6538461538461539,748,0.46875,BNCI2014-004,2,4test
492,8,"(3, 4, 16)",2,0.9117647058823529,0.5769230769230769,748,0.71875,BNCI2014-004,2,4test
493,8,"(3, 4, 16)",3,0.8349514563106796,0.56,748,0.59375,BNCI2014-004,2,4test
494,8,"(3, 4, 16)",4,0.912621359223301,0.64,748,0.53125,BNCI2014-004,2,4test
495,9,"(3, 4, 4)",0,0.9215686274509803,0.5384615384615384,796,0.71875,BNCI2014-004,2,4test
496,9,"(3, 4, 4)",1,0.9019607843137255,0.6538461538461539,796,0.5,BNCI2014-004,2,4test
497,9,"(3, 4, 4)",2,0.9509803921568627,0.5,796,0.625,BNCI2014-004,2,4test
498,9,"(3, 4, 4)",3,0.8737864077669902,0.6,796,0.59375,BNCI2014-004,2,4test
499,9,"(3, 4, 4)",4,0.9223300970873787,0.68,796,0.59375,BNCI2014-004,2,4test
500,0,"(2, 2, 2)",0,0.8289473684210527,0.5,8,0.6666666666666666,BNCI2014-004,3,0train
501,0,"(2, 2, 2)",1,0.7012987012987013,0.47368421052631576,8,0.4166666666666667,BNCI2014-004,3,0train
502,0,"(2, 2, 2)",2,0.7272727272727273,0.3157894736842105,8,0.3333333333333333,BNCI2014-004,3,0train
503,0,"(2, 2, 2)",3,0.8051948051948052,0.6842105263157895,8,0.5,BNCI2014-004,3,0train
504,0,"(2, 2, 2)",4,0.7402597402597403,0.6842105263157895,8,0.6666666666666666,BNCI2014-004,3,0train
505,1,"(3, 4, 4)",0,0.9078947368421053,0.45,56,0.5,BNCI2014-004,3,0train
506,1,"(3, 4, 4)",1,0.8701298701298701,0.47368421052631576,56,0.4583333333333333,BNCI2014-004,3,0train
507,1,"(3, 4, 4)",2,0.935064935064935,0.42105263157894735,56,0.4166666666666667,BNCI2014-004,3,0train
508,1,"(3, 4, 4)",3,0.948051948051948,0.5263157894736842,56,0.375,BNCI2014-004,3,0train
509,1,"(3, 4, 4)",4,0.8441558441558441,0.8421052631578947,56,0.5416666666666666,BNCI2014-004,3,0train
510,2,"(1, 1, 1)",0,0.9210526315789473,0.35,57,0.4583333333333333,BNCI2014-004,3,0train
511,2,"(1, 1, 1)",1,0.8571428571428571,0.5789473684210527,57,0.5833333333333334,BNCI2014-004,3,0train
512,2,"(1, 1, 1)",2,0.935064935064935,0.5789473684210527,57,0.4583333333333333,BNCI2014-004,3,0train
513,2,"(1, 1, 1)",3,0.935064935064935,0.42105263157894735,57,0.4166666666666667,BNCI2014-004,3,0train
514,2,"(1, 1, 1)",4,0.8961038961038961,0.7368421052631579,57,0.5416666666666666,BNCI2014-004,3,0train
515,3,"(3, 4, 4)",0,0.9605263157894737,0.4,105,0.375,BNCI2014-004,3,0train
516,3,"(3, 4, 4)",1,0.8961038961038961,0.631578947368421,105,0.5416666666666666,BNCI2014-004,3,0train
517,3,"(3, 4, 4)",2,0.974025974025974,0.5263157894736842,105,0.4583333333333333,BNCI2014-004,3,0train
518,3,"(3, 4, 4)",3,0.935064935064935,0.47368421052631576,105,0.375,BNCI2014-004,3,0train
519,3,"(3, 4, 4)",4,0.948051948051948,0.8421052631578947,105,0.5416666666666666,BNCI2014-004,3,0train
520,4,"(3, 4, 8)",0,0.9210526315789473,0.45,201,0.4583333333333333,BNCI2014-004,3,0train
521,4,"(3, 4, 8)",1,0.935064935064935,0.6842105263157895,201,0.5416666666666666,BNCI2014-004,3,0train
522,4,"(3, 4, 8)",2,0.987012987012987,0.47368421052631576,201,0.4583333333333333,BNCI2014-004,3,0train
523,4,"(3, 4, 8)",3,0.935064935064935,0.5263157894736842,201,0.4166666666666667,BNCI2014-004,3,0train
524,4,"(3, 4, 8)",4,0.961038961038961,0.8421052631578947,201,0.5833333333333334,BNCI2014-004,3,0train
525,5,"(1, 1, 1)",0,0.9605263157894737,0.5,202,0.375,BNCI2014-004,3,0train
526,5,"(1, 1, 1)",1,0.948051948051948,0.6842105263157895,202,0.5,BNCI2014-004,3,0train
527,5,"(1, 1, 1)",2,0.987012987012987,0.47368421052631576,202,0.5,BNCI2014-004,3,0train
528,5,"(1, 1, 1)",3,0.948051948051948,0.3684210526315789,202,0.4583333333333333,BNCI2014-004,3,0train
529,5,"(1, 1, 1)",4,0.974025974025974,0.8421052631578947,202,0.5416666666666666,BNCI2014-004,3,0train
530,6,"(3, 4, 18)",0,0.9605263157894737,0.5,418,0.4166666666666667,BNCI2014-004,3,0train
531,6,"(3, 4, 18)",1,0.974025974025974,0.8421052631578947,418,0.4583333333333333,BNCI2014-004,3,0train
532,6,"(3, 4, 18)",2,0.987012987012987,0.5263157894736842,418,0.5,BNCI2014-004,3,0train
533,6,"(3, 4, 18)",3,0.961038961038961,0.3684210526315789,418,0.3333333333333333,BNCI2014-004,3,0train
534,6,"(3, 4, 18)",4,0.974025974025974,0.8421052631578947,418,0.5416666666666666,BNCI2014-004,3,0train
535,7,"(1, 1, 1)",0,0.9605263157894737,0.5,419,0.4583333333333333,BNCI2014-004,3,0train
536,7,"(1, 1, 1)",1,0.974025974025974,0.6842105263157895,419,0.5,BNCI2014-004,3,0train
537,7,"(1, 1, 1)",2,0.987012987012987,0.47368421052631576,419,0.5,BNCI2014-004,3,0train
538,7,"(1, 1, 1)",3,0.974025974025974,0.47368421052631576,419,0.3333333333333333,BNCI2014-004,3,0train
539,7,"(1, 1, 1)",4,0.961038961038961,0.7368421052631579,419,0.5,BNCI2014-004,3,0train
540,8,"(3, 4, 8)",0,0.9605263157894737,0.55,515,0.4583333333333333,BNCI2014-004,3,0train
541,8,"(3, 4, 8)",1,0.974025974025974,0.631578947368421,515,0.5833333333333334,BNCI2014-004,3,0train
542,8,"(3, 4, 8)",2,0.987012987012987,0.47368421052631576,515,0.4583333333333333,BNCI2014-004,3,0train
543,8,"(3, 4, 8)",3,0.948051948051948,0.47368421052631576,515,0.3333333333333333,BNCI2014-004,3,0train
544,8,"(3, 4, 8)",4,0.974025974025974,0.7368421052631579,515,0.5,BNCI2014-004,3,0train
545,9,"(2, 2, 2)",0,0.9736842105263158,0.5,523,0.5,BNCI2014-004,3,0train
546,9,"(2, 2, 2)",1,0.974025974025974,0.6842105263157895,523,0.5833333333333334,BNCI2014-004,3,0train
547,9,"(2, 2, 2)",2,0.987012987012987,0.42105263157894735,523,0.5416666666666666,BNCI2014-004,3,0train
548,9,"(2, 2, 2)",3,0.935064935064935,0.42105263157894735,523,0.3333333333333333,BNCI2014-004,3,0train
549,9,"(2, 2, 2)",4,0.948051948051948,0.7368421052631579,523,0.5,BNCI2014-004,3,0train
550,0,"(1, 1, 1)",0,0.8552631578947368,0.55,1,0.5,BNCI2014-004,3,1train
551,0,"(1, 1, 1)",1,0.8571428571428571,0.631578947368421,1,0.5416666666666666,BNCI2014-004,3,1train
552,0,"(1, 1, 1)",2,0.8051948051948052,0.7368421052631579,1,0.4583333333333333,BNCI2014-004,3,1train
553,0,"(1, 1, 1)",3,0.8181818181818182,0.6842105263157895,1,0.4583333333333333,BNCI2014-004,3,1train
554,0,"(1, 1, 1)",4,0.8571428571428571,0.6842105263157895,1,0.5,BNCI2014-004,3,1train
555,1,"(1, 1, 1)",0,0.9736842105263158,0.5,2,0.375,BNCI2014-004,3,1train
556,1,"(1, 1, 1)",1,0.8961038961038961,0.7368421052631579,2,0.5,BNCI2014-004,3,1train
557,1,"(1, 1, 1)",2,0.8701298701298701,0.6842105263157895,2,0.5,BNCI2014-004,3,1train
558,1,"(1, 1, 1)",3,0.8831168831168831,0.7368421052631579,2,0.4166666666666667,BNCI2014-004,3,1train
559,1,"(1, 1, 1)",4,0.8831168831168831,0.7368421052631579,2,0.5,BNCI2014-004,3,1train
560,2,"(2, 2, 2)",0,0.9605263157894737,0.45,10,0.5416666666666666,BNCI2014-004,3,1train
561,2,"(2, 2, 2)",1,0.922077922077922,0.6842105263157895,10,0.5416666666666666,BNCI2014-004,3,1train
562,2,"(2, 2, 2)",2,0.9090909090909091,0.6842105263157895,10,0.5,BNCI2014-004,3,1train
563,2,"(2, 2, 2)",3,0.9090909090909091,0.8421052631578947,10,0.5,BNCI2014-004,3,1train
564,2,"(2, 2, 2)",4,0.948051948051948,0.6842105263157895,10,0.4166666666666667,BNCI2014-004,3,1train
565,3,"(2, 2, 2)",0,0.9736842105263158,0.55,18,0.4166666666666667,BNCI2014-004,3,1train
566,3,"(2, 2, 2)",1,0.961038961038961,0.5789473684210527,18,0.5,BNCI2014-004,3,1train
567,3,"(2, 2, 2)",2,0.8961038961038961,0.6842105263157895,18,0.5416666666666666,BNCI2014-004,3,1train
568,3,"(2, 2, 2)",3,0.922077922077922,0.7894736842105263,18,0.4583333333333333,BNCI2014-004,3,1train
569,3,"(2, 2, 2)",4,0.961038961038961,0.6842105263157895,18,0.4166666666666667,BNCI2014-004,3,1train
570,4,"(3, 4, 4)",0,0.9736842105263158,0.5,66,0.4583333333333333,BNCI2014-004,3,1train
571,4,"(3, 4, 4)",1,0.961038961038961,0.5263157894736842,66,0.4166666666666667,BNCI2014-004,3,1train
572,4,"(3, 4, 4)",2,0.9090909090909091,0.631578947368421,66,0.625,BNCI2014-004,3,1train
573,4,"(3, 4, 4)",3,0.935064935064935,0.8421052631578947,66,0.4583333333333333,BNCI2014-004,3,1train
574,4,"(3, 4, 4)",4,0.974025974025974,0.6842105263157895,66,0.4166666666666667,BNCI2014-004,3,1train
575,5,"(1, 1, 1)",0,0.9868421052631579,0.45,67,0.4583333333333333,BNCI2014-004,3,1train
576,5,"(1, 1, 1)",1,0.974025974025974,0.631578947368421,67,0.4583333333333333,BNCI2014-004,3,1train
577,5,"(1, 1, 1)",2,0.935064935064935,0.6842105263157895,67,0.5833333333333334,BNCI2014-004,3,1train
578,5,"(1, 1, 1)",3,0.948051948051948,0.6842105263157895,67,0.5416666666666666,BNCI2014-004,3,1train
579,5,"(1, 1, 1)",4,0.961038961038961,0.631578947368421,67,0.4583333333333333,BNCI2014-004,3,1train
580,6,"(1, 1, 1)",0,0.9736842105263158,0.5,68,0.5,BNCI2014-004,3,1train
581,6,"(1, 1, 1)",1,0.987012987012987,0.5789473684210527,68,0.4583333333333333,BNCI2014-004,3,1train
582,6,"(1, 1, 1)",2,0.948051948051948,0.6842105263157895,68,0.5833333333333334,BNCI2014-004,3,1train
583,6,"(1, 1, 1)",3,0.961038961038961,0.5789473684210527,68,0.5,BNCI2014-004,3,1train
584,6,"(1, 1, 1)",4,0.961038961038961,0.6842105263157895,68,0.4583333333333333,BNCI2014-004,3,1train
585,7,"(1, 1, 1)",0,0.9868421052631579,0.55,69,0.5833333333333334,BNCI2014-004,3,1train
586,7,"(1, 1, 1)",1,0.987012987012987,0.5789473684210527,69,0.4583333333333333,BNCI2014-004,3,1train
587,7,"(1, 1, 1)",2,0.961038961038961,0.7368421052631579,69,0.5833333333333334,BNCI2014-004,3,1train
588,7,"(1, 1, 1)",3,0.974025974025974,0.5789473684210527,69,0.5,BNCI2014-004,3,1train
589,7,"(1, 1, 1)",4,0.961038961038961,0.6842105263157895,69,0.4583333333333333,BNCI2014-004,3,1train
590,8,"(1, 1, 1)",0,0.9868421052631579,0.45,70,0.5416666666666666,BNCI2014-004,3,1train
591,8,"(1, 1, 1)",1,0.987012987012987,0.5789473684210527,70,0.4583333333333333,BNCI2014-004,3,1train
592,8,"(1, 1, 1)",2,0.961038961038961,0.7368421052631579,70,0.5833333333333334,BNCI2014-004,3,1train
593,8,"(1, 1, 1)",3,0.974025974025974,0.5789473684210527,70,0.4583333333333333,BNCI2014-004,3,1train
594,8,"(1, 1, 1)",4,0.974025974025974,0.6842105263157895,70,0.4583333333333333,BNCI2014-004,3,1train
595,9,"(1, 1, 1)",0,0.9868421052631579,0.4,71,0.5416666666666666,BNCI2014-004,3,1train
596,9,"(1, 1, 1)",1,1.0,0.631578947368421,71,0.5416666666666666,BNCI2014-004,3,1train
597,9,"(1, 1, 1)",2,0.961038961038961,0.7368421052631579,71,0.5416666666666666,BNCI2014-004,3,1train
598,9,"(1, 1, 1)",3,0.974025974025974,0.5789473684210527,71,0.5,BNCI2014-004,3,1train
599,9,"(1, 1, 1)",4,0.974025974025974,0.7368421052631579,71,0.4583333333333333,BNCI2014-004,3,1train
600,0,"(3, 4, 18)",0,0.7254901960784313,0.5,216,0.6875,BNCI2014-004,3,2train
601,0,"(3, 4, 18)",1,0.8431372549019608,0.5384615384615384,216,0.5,BNCI2014-004,3,2train
602,0,"(3, 4, 18)",2,0.8137254901960784,0.5769230769230769,216,0.65625,BNCI2014-004,3,2train
603,0,"(3, 4, 18)",3,0.8252427184466019,0.4,216,0.59375,BNCI2014-004,3,2train
604,0,"(3, 4, 18)",4,0.7669902912621359,0.64,216,0.6875,BNCI2014-004,3,2train
605,1,"(3, 4, 16)",0,0.8431372549019608,0.5384615384615384,408,0.6875,BNCI2014-004,3,2train
606,1,"(3, 4, 16)",1,0.9019607843137255,0.5769230769230769,408,0.53125,BNCI2014-004,3,2train
607,1,"(3, 4, 16)",2,0.8725490196078431,0.5,408,0.71875,BNCI2014-004,3,2train
608,1,"(3, 4, 16)",3,0.883495145631068,0.52,408,0.6875,BNCI2014-004,3,2train
609,1,"(3, 4, 16)",4,0.8446601941747572,0.64,408,0.625,BNCI2014-004,3,2train
610,2,"(3, 4, 18)",0,0.9215686274509803,0.6923076923076923,624,0.625,BNCI2014-004,3,2train
611,2,"(3, 4, 18)",1,0.9019607843137255,0.6153846153846154,624,0.5625,BNCI2014-004,3,2train
612,2,"(3, 4, 18)",2,0.8823529411764706,0.5,624,0.65625,BNCI2014-004,3,2train
613,2,"(3, 4, 18)",3,0.9029126213592233,0.48,624,0.71875,BNCI2014-004,3,2train
614,2,"(3, 4, 18)",4,0.8932038834951457,0.56,624,0.625,BNCI2014-004,3,2train
615,3,"(3, 4, 4)",0,0.9019607843137255,0.6923076923076923,672,0.65625,BNCI2014-004,3,2train
616,3,"(3, 4, 4)",1,0.9313725490196079,0.5769230769230769,672,0.5625,BNCI2014-004,3,2train
617,3,"(3, 4, 4)",2,0.8725490196078431,0.5,672,0.53125,BNCI2014-004,3,2train
618,3,"(3, 4, 4)",3,0.8932038834951457,0.56,672,0.65625,BNCI2014-004,3,2train
619,3,"(3, 4, 4)",4,0.9029126213592233,0.56,672,0.59375,BNCI2014-004,3,2train
620,4,"(3, 4, 4)",0,0.9313725490196079,0.6538461538461539,720,0.6875,BNCI2014-004,3,2train
621,4,"(3, 4, 4)",1,0.9313725490196079,0.5769230769230769,720,0.53125,BNCI2014-004,3,2train
622,4,"(3, 4, 4)",2,0.9019607843137255,0.5,720,0.53125,BNCI2014-004,3,2train
623,4,"(3, 4, 4)",3,0.912621359223301,0.72,720,0.65625,BNCI2014-004,3,2train
624,4,"(3, 4, 4)",4,0.9029126213592233,0.6,720,0.625,BNCI2014-004,3,2train
625,5,"(3, 4, 8)",0,0.9509803921568627,0.6153846153846154,816,0.6875,BNCI2014-004,3,2train
626,5,"(3, 4, 8)",1,0.9411764705882353,0.5384615384615384,816,0.5,BNCI2014-004,3,2train
627,5,"(3, 4, 8)",2,0.9215686274509803,0.5,816,0.59375,BNCI2014-004,3,2train
628,5,"(3, 4, 8)",3,0.9320388349514563,0.72,816,0.65625,BNCI2014-004,3,2train
629,5,"(3, 4, 8)",4,0.912621359223301,0.64,816,0.59375,BNCI2014-004,3,2train
630,6,"(3, 4, 16)",0,0.9313725490196079,0.6153846153846154,1008,0.6875,BNCI2014-004,3,2train
631,6,"(3, 4, 16)",1,0.9411764705882353,0.5384615384615384,1008,0.53125,BNCI2014-004,3,2train
632,6,"(3, 4, 16)",2,0.9411764705882353,0.5,1008,0.53125,BNCI2014-004,3,2train
633,6,"(3, 4, 16)",3,0.941747572815534,0.72,1008,0.65625,BNCI2014-004,3,2train
634,6,"(3, 4, 16)",4,0.9029126213592233,0.64,1008,0.59375,BNCI2014-004,3,2train
635,7,"(1, 1, 1)",0,0.9313725490196079,0.6153846153846154,1009,0.6875,BNCI2014-004,3,2train
636,7,"(1, 1, 1)",1,0.9411764705882353,0.5384615384615384,1009,0.5,BNCI2014-004,3,2train
637,7,"(1, 1, 1)",2,0.9411764705882353,0.5,1009,0.5625,BNCI2014-004,3,2train
638,7,"(1, 1, 1)",3,0.9514563106796117,0.72,1009,0.65625,BNCI2014-004,3,2train
639,7,"(1, 1, 1)",4,0.9029126213592233,0.64,1009,0.59375,BNCI2014-004,3,2train
640,8,"(1, 1, 1)",0,0.9411764705882353,0.6153846153846154,1010,0.6875,BNCI2014-004,3,2train
641,8,"(1, 1, 1)",1,0.9411764705882353,0.5769230769230769,1010,0.5,BNCI2014-004,3,2train
642,8,"(1, 1, 1)",2,0.9411764705882353,0.5,1010,0.59375,BNCI2014-004,3,2train
643,8,"(1, 1, 1)",3,0.9514563106796117,0.72,1010,0.6875,BNCI2014-004,3,2train
644,8,"(1, 1, 1)",4,0.9029126213592233,0.64,1010,0.59375,BNCI2014-004,3,2train
645,9,"(3, 4, 16)",0,0.9607843137254902,0.6538461538461539,1202,0.6875,BNCI2014-004,3,2train
646,9,"(3, 4, 16)",1,0.9411764705882353,0.5769230769230769,1202,0.5,BNCI2014-004,3,2train
647,9,"(3, 4, 16)",2,0.9705882352941176,0.46153846153846156,1202,0.53125,BNCI2014-004,3,2train
648,9,"(3, 4, 16)",3,0.9514563106796117,0.76,1202,0.65625,BNCI2014-004,3,2train
649,9,"(3, 4, 16)",4,0.912621359223301,0.64,1202,0.5625,BNCI2014-004,3,2train
650,0,"(1, 1, 1)",0,0.6764705882352942,0.6153846153846154,1,0.65625,BNCI2014-004,3,3test
651,0,"(1, 1, 1)",1,0.7156862745098039,0.5,1,0.4375,BNCI2014-004,3,3test
652,0,"(1, 1, 1)",2,0.6862745098039216,0.6153846153846154,1,0.65625,BNCI2014-004,3,3test
653,0,"(1, 1, 1)",3,0.7281553398058253,0.52,1,0.65625,BNCI2014-004,3,3test
654,0,"(1, 1, 1)",4,0.8252427184466019,0.4,1,0.46875,BNCI2014-004,3,3test
655,1,"(1, 1, 1)",0,0.8333333333333334,0.5384615384615384,2,0.5625,BNCI2014-004,3,3test
656,1,"(1, 1, 1)",1,0.7745098039215687,0.5384615384615384,2,0.59375,BNCI2014-004,3,3test
657,1,"(1, 1, 1)",2,0.8137254901960784,0.6538461538461539,2,0.5,BNCI2014-004,3,3test
658,1,"(1, 1, 1)",3,0.8155339805825242,0.52,2,0.5625,BNCI2014-004,3,3test
659,1,"(1, 1, 1)",4,0.8640776699029126,0.44,2,0.59375,BNCI2014-004,3,3test
660,2,"(1, 1, 1)",0,0.8431372549019608,0.5384615384615384,3,0.625,BNCI2014-004,3,3test
661,2,"(1, 1, 1)",1,0.7941176470588235,0.5384615384615384,3,0.59375,BNCI2014-004,3,3test
662,2,"(1, 1, 1)",2,0.8431372549019608,0.6538461538461539,3,0.5625,BNCI2014-004,3,3test
663,2,"(1, 1, 1)",3,0.8543689320388349,0.44,3,0.5,BNCI2014-004,3,3test
664,2,"(1, 1, 1)",4,0.8640776699029126,0.4,3,0.59375,BNCI2014-004,3,3test
665,3,"(3, 4, 16)",0,0.8725490196078431,0.4230769230769231,195,0.59375,BNCI2014-004,3,3test
666,3,"(3, 4, 16)",1,0.8529411764705882,0.5384615384615384,195,0.5625,BNCI2014-004,3,3test
667,3,"(3, 4, 16)",2,0.8725490196078431,0.6923076923076923,195,0.5625,BNCI2014-004,3,3test
668,3,"(3, 4, 16)",3,0.8640776699029126,0.52,195,0.53125,BNCI2014-004,3,3test
669,3,"(3, 4, 16)",4,0.883495145631068,0.36,195,0.59375,BNCI2014-004,3,3test
670,4,"(1, 1, 1)",0,0.8823529411764706,0.46153846153846156,196,0.65625,BNCI2014-004,3,3test
671,4,"(1, 1, 1)",1,0.8529411764705882,0.5769230769230769,196,0.625,BNCI2014-004,3,3test
672,4,"(1, 1, 1)",2,0.8725490196078431,0.5769230769230769,196,0.5,BNCI2014-004,3,3test
673,4,"(1, 1, 1)",3,0.8252427184466019,0.52,196,0.53125,BNCI2014-004,3,3test
674,4,"(1, 1, 1)",4,0.8932038834951457,0.48,196,0.65625,BNCI2014-004,3,3test
675,5,"(3, 4, 18)",0,0.8529411764705882,0.46153846153846156,412,0.53125,BNCI2014-004,3,3test
676,5,"(3, 4, 18)",1,0.8529411764705882,0.5769230769230769,412,0.625,BNCI2014-004,3,3test
677,5,"(3, 4, 18)",2,0.8725490196078431,0.5769230769230769,412,0.59375,BNCI2014-004,3,3test
678,5,"(3, 4, 18)",3,0.8543689320388349,0.52,412,0.5625,BNCI2014-004,3,3test
679,5,"(3, 4, 18)",4,0.8932038834951457,0.48,412,0.65625,BNCI2014-004,3,3test
680,6,"(3, 4, 16)",0,0.8529411764705882,0.5769230769230769,604,0.5625,BNCI2014-004,3,3test
681,6,"(3, 4, 16)",1,0.8725490196078431,0.6153846153846154,604,0.625,BNCI2014-004,3,3test
682,6,"(3, 4, 16)",2,0.8725490196078431,0.5769230769230769,604,0.59375,BNCI2014-004,3,3test
683,6,"(3, 4, 16)",3,0.9029126213592233,0.52,604,0.53125,BNCI2014-004,3,3test
684,6,"(3, 4, 16)",4,0.9029126213592233,0.48,604,0.59375,BNCI2014-004,3,3test
685,7,"(3, 4, 18)",0,0.8529411764705882,0.4230769230769231,820,0.53125,BNCI2014-004,3,3test
686,7,"(3, 4, 18)",1,0.8725490196078431,0.6538461538461539,820,0.65625,BNCI2014-004,3,3test
687,7,"(3, 4, 18)",2,0.8725490196078431,0.6153846153846154,820,0.59375,BNCI2014-004,3,3test
688,7,"(3, 4, 18)",3,0.8932038834951457,0.52,820,0.53125,BNCI2014-004,3,3test
689,7,"(3, 4, 18)",4,0.8932038834951457,0.52,820,0.625,BNCI2014-004,3,3test
690,8,"(1, 1, 1)",0,0.8627450980392157,0.5384615384615384,821,0.59375,BNCI2014-004,3,3test
691,8,"(1, 1, 1)",1,0.8627450980392157,0.5384615384615384,821,0.5625,BNCI2014-004,3,3test
692,8,"(1, 1, 1)",2,0.8725490196078431,0.6153846153846154,821,0.625,BNCI2014-004,3,3test
693,8,"(1, 1, 1)",3,0.9029126213592233,0.52,821,0.53125,BNCI2014-004,3,3test
694,8,"(1, 1, 1)",4,0.9029126213592233,0.52,821,0.5625,BNCI2014-004,3,3test
695,9,"(3, 4, 18)",0,0.8529411764705882,0.5,1037,0.5625,BNCI2014-004,3,3test
696,9,"(3, 4, 18)",1,0.8529411764705882,0.5384615384615384,1037,0.5625,BNCI2014-004,3,3test
697,9,"(3, 4, 18)",2,0.8921568627450981,0.6538461538461539,1037,0.625,BNCI2014-004,3,3test
698,9,"(3, 4, 18)",3,0.883495145631068,0.52,1037,0.53125,BNCI2014-004,3,3test
699,9,"(3, 4, 18)",4,0.9029126213592233,0.52,1037,0.53125,BNCI2014-004,3,3test
700,0,"(3, 4, 18)",0,0.8137254901960784,0.5,216,0.71875,BNCI2014-004,3,4test
701,0,"(3, 4, 18)",1,0.8823529411764706,0.6538461538461539,216,0.65625,BNCI2014-004,3,4test
702,0,"(3, 4, 18)",2,0.803921568627451,0.6538461538461539,216,0.65625,BNCI2014-004,3,4test
703,0,"(3, 4, 18)",3,0.8737864077669902,0.4,216,0.53125,BNCI2014-004,3,4test
704,0,"(3, 4, 18)",4,0.8446601941747572,0.6,216,0.5625,BNCI2014-004,3,4test
705,1,"(3, 4, 8)",0,0.8823529411764706,0.5384615384615384,312,0.65625,BNCI2014-004,3,4test
706,1,"(3, 4, 8)",1,0.9019607843137255,0.7307692307692307,312,0.59375,BNCI2014-004,3,4test
707,1,"(3, 4, 8)",2,0.8627450980392157,0.5769230769230769,312,0.59375,BNCI2014-004,3,4test
708,1,"(3, 4, 8)",3,0.8932038834951457,0.6,312,0.5625,BNCI2014-004,3,4test
709,1,"(3, 4, 8)",4,0.8737864077669902,0.44,312,0.5,BNCI2014-004,3,4test
710,2,"(3, 4, 18)",0,0.9215686274509803,0.5769230769230769,528,0.71875,BNCI2014-004,3,4test
711,2,"(3, 4, 18)",1,0.9215686274509803,0.6923076923076923,528,0.53125,BNCI2014-004,3,4test
712,2,"(3, 4, 18)",2,0.8823529411764706,0.6153846153846154,528,0.59375,BNCI2014-004,3,4test
713,2,"(3, 4, 18)",3,0.9320388349514563,0.52,528,0.5625,BNCI2014-004,3,4test
714,2,"(3, 4, 18)",4,0.9611650485436893,0.52,528,0.59375,BNCI2014-004,3,4test
715,3,"(3, 4, 4)",0,0.9509803921568627,0.5384615384615384,576,0.6875,BNCI2014-004,3,4test
716,3,"(3, 4, 4)",1,0.9313725490196079,0.7307692307692307,576,0.5625,BNCI2014-004,3,4test
717,3,"(3, 4, 4)",2,0.8823529411764706,0.6538461538461539,576,0.65625,BNCI2014-004,3,4test
718,3,"(3, 4, 4)",3,0.9320388349514563,0.52,576,0.5625,BNCI2014-004,3,4test
719,3,"(3, 4, 4)",4,0.941747572815534,0.56,576,0.65625,BNCI2014-004,3,4test
720,4,"(3, 4, 8)",0,0.9509803921568627,0.5769230769230769,672,0.65625,BNCI2014-004,3,4test
721,4,"(3, 4, 8)",1,0.9411764705882353,0.6923076923076923,672,0.5625,BNCI2014-004,3,4test
722,4,"(3, 4, 8)",2,0.9215686274509803,0.6153846153846154,672,0.65625,BNCI2014-004,3,4test
723,4,"(3, 4, 8)",3,0.941747572815534,0.56,672,0.59375,BNCI2014-004,3,4test
724,4,"(3, 4, 8)",4,0.9611650485436893,0.56,672,0.59375,BNCI2014-004,3,4test
725,5,"(3, 4, 16)",0,0.9607843137254902,0.5,864,0.65625,BNCI2014-004,3,4test
726,5,"(3, 4, 16)",1,0.9509803921568627,0.6538461538461539,864,0.59375,BNCI2014-004,3,4test
727,5,"(3, 4, 16)",2,0.9019607843137255,0.5769230769230769,864,0.65625,BNCI2014-004,3,4test
728,5,"(3, 4, 16)",3,0.9514563106796117,0.56,864,0.53125,BNCI2014-004,3,4test
729,5,"(3, 4, 16)",4,0.970873786407767,0.6,864,0.625,BNCI2014-004,3,4test
730,6,"(1, 1, 1)",0,0.9607843137254902,0.46153846153846156,865,0.625,BNCI2014-004,3,4test
731,6,"(1, 1, 1)",1,0.9607843137254902,0.6538461538461539,865,0.625,BNCI2014-004,3,4test
732,6,"(1, 1, 1)",2,0.9117647058823529,0.6153846153846154,865,0.625,BNCI2014-004,3,4test
733,6,"(1, 1, 1)",3,0.941747572815534,0.56,865,0.5625,BNCI2014-004,3,4test
734,6,"(1, 1, 1)",4,0.9611650485436893,0.6,865,0.625,BNCI2014-004,3,4test
735,7,"(3, 4, 16)",0,0.9705882352941176,0.46153846153846156,1057,0.59375,BNCI2014-004,3,4test
736,7,"(3, 4, 16)",1,0.9607843137254902,0.6153846153846154,1057,0.59375,BNCI2014-004,3,4test
737,7,"(3, 4, 16)",2,0.8823529411764706,0.6538461538461539,1057,0.65625,BNCI2014-004,3,4test
738,7,"(3, 4, 16)",3,0.9320388349514563,0.52,1057,0.59375,BNCI2014-004,3,4test
739,7,"(3, 4, 16)",4,0.9611650485436893,0.6,1057,0.625,BNCI2014-004,3,4test
740,8,"(3, 4, 8)",0,0.9705882352941176,0.46153846153846156,1153,0.5625,BNCI2014-004,3,4test
741,8,"(3, 4, 8)",1,0.9705882352941176,0.5769230769230769,1153,0.53125,BNCI2014-004,3,4test
742,8,"(3, 4, 8)",2,0.9019607843137255,0.6923076923076923,1153,0.625,BNCI2014-004,3,4test
743,8,"(3, 4, 8)",3,0.941747572815534,0.52,1153,0.59375,BNCI2014-004,3,4test
744,8,"(3, 4, 8)",4,0.970873786407767,0.56,1153,0.59375,BNCI2014-004,3,4test
745,9,"(3, 4, 4)",0,0.9803921568627451,0.46153846153846156,1201,0.53125,BNCI2014-004,3,4test
746,9,"(3, 4, 4)",1,0.9705882352941176,0.5769230769230769,1201,0.5,BNCI2014-004,3,4test
747,9,"(3, 4, 4)",2,0.9117647058823529,0.6923076923076923,1201,0.625,BNCI2014-004,3,4test
748,9,"(3, 4, 4)",3,0.941747572815534,0.52,1201,0.59375,BNCI2014-004,3,4test
749,9,"(3, 4, 4)",4,0.970873786407767,0.52,1201,0.59375,BNCI2014-004,3,4test
750,0,"(1, 1, 1)",0,0.9473684210526315,0.95,1,0.8333333333333334,BNCI2014-004,4,0train
751,0,"(1, 1, 1)",1,0.935064935064935,0.9473684210526315,1,0.8333333333333334,BNCI2014-004,4,0train
752,0,"(1, 1, 1)",2,0.974025974025974,0.8947368421052632,1,0.875,BNCI2014-004,4,0train
753,0,"(1, 1, 1)",3,0.961038961038961,0.8947368421052632,1,0.8333333333333334,BNCI2014-004,4,0train
754,0,"(1, 1, 1)",4,0.948051948051948,0.9473684210526315,1,0.8333333333333334,BNCI2014-004,4,0train
755,1,"(3, 4, 18)",0,0.9868421052631579,0.85,217,0.8333333333333334,BNCI2014-004,4,0train
756,1,"(3, 4, 18)",1,0.987012987012987,0.9473684210526315,217,0.8333333333333334,BNCI2014-004,4,0train
757,1,"(3, 4, 18)",2,0.987012987012987,0.7894736842105263,217,0.8333333333333334,BNCI2014-004,4,0train
758,1,"(3, 4, 18)",3,0.974025974025974,0.8947368421052632,217,0.8333333333333334,BNCI2014-004,4,0train
759,1,"(3, 4, 18)",4,0.961038961038961,1.0,217,0.8333333333333334,BNCI2014-004,4,0train
760,2,"(3, 4, 18)",0,1.0,0.85,433,0.8333333333333334,BNCI2014-004,4,0train
761,2,"(3, 4, 18)",1,1.0,0.9473684210526315,433,0.7916666666666666,BNCI2014-004,4,0train
762,2,"(3, 4, 18)",2,0.987012987012987,0.7894736842105263,433,0.7916666666666666,BNCI2014-004,4,0train
763,2,"(3, 4, 18)",3,0.974025974025974,0.8947368421052632,433,0.7916666666666666,BNCI2014-004,4,0train
764,2,"(3, 4, 18)",4,0.961038961038961,1.0,433,0.875,BNCI2014-004,4,0train
765,3,"(2, 2, 2)",0,1.0,0.85,441,0.7916666666666666,BNCI2014-004,4,0train
766,3,"(2, 2, 2)",1,1.0,0.8421052631578947,441,0.8333333333333334,BNCI2014-004,4,0train
767,3,"(2, 2, 2)",2,1.0,0.6842105263157895,441,0.7916666666666666,BNCI2014-004,4,0train
768,3,"(2, 2, 2)",3,1.0,0.9473684210526315,441,0.75,BNCI2014-004,4,0train
769,3,"(2, 2, 2)",4,0.974025974025974,1.0,441,0.875,BNCI2014-004,4,0train
770,4,"(3, 4, 18)",0,1.0,0.85,657,0.8333333333333334,BNCI2014-004,4,0train
771,4,"(3, 4, 18)",1,1.0,0.8421052631578947,657,0.75,BNCI2014-004,4,0train
772,4,"(3, 4, 18)",2,1.0,0.7368421052631579,657,0.7916666666666666,BNCI2014-004,4,0train
773,4,"(3, 4, 18)",3,1.0,0.9473684210526315,657,0.75,BNCI2014-004,4,0train
774,4,"(3, 4, 18)",4,0.961038961038961,1.0,657,0.875,BNCI2014-004,4,0train
775,5,"(1, 1, 1)",0,1.0,0.85,658,0.8333333333333334,BNCI2014-004,4,0train
776,5,"(1, 1, 1)",1,0.987012987012987,0.8421052631578947,658,0.75,BNCI2014-004,4,0train
777,5,"(1, 1, 1)",2,1.0,0.7368421052631579,658,0.7916666666666666,BNCI2014-004,4,0train
778,5,"(1, 1, 1)",3,0.987012987012987,0.8947368421052632,658,0.7916666666666666,BNCI2014-004,4,0train
779,5,"(1, 1, 1)",4,0.961038961038961,0.8947368421052632,658,0.875,BNCI2014-004,4,0train
780,6,"(3, 4, 18)",0,1.0,0.85,874,0.8333333333333334,BNCI2014-004,4,0train
781,6,"(3, 4, 18)",1,0.987012987012987,0.8421052631578947,874,0.7083333333333334,BNCI2014-004,4,0train
782,6,"(3, 4, 18)",2,1.0,0.7368421052631579,874,0.7916666666666666,BNCI2014-004,4,0train
783,6,"(3, 4, 18)",3,0.987012987012987,0.8947368421052632,874,0.7916666666666666,BNCI2014-004,4,0train
784,6,"(3, 4, 18)",4,0.987012987012987,0.7894736842105263,874,0.875,BNCI2014-004,4,0train
785,7,"(2, 2, 2)",0,1.0,0.8,882,0.8333333333333334,BNCI2014-004,4,0train
786,7,"(2, 2, 2)",1,0.987012987012987,0.7368421052631579,882,0.7083333333333334,BNCI2014-004,4,0train
787,7,"(2, 2, 2)",2,1.0,0.7368421052631579,882,0.7916666666666666,BNCI2014-004,4,0train
788,7,"(2, 2, 2)",3,0.987012987012987,0.8947368421052632,882,0.7916666666666666,BNCI2014-004,4,0train
789,7,"(2, 2, 2)",4,0.974025974025974,0.8421052631578947,882,0.875,BNCI2014-004,4,0train
790,8,"(3, 4, 4)",0,1.0,0.75,930,0.8333333333333334,BNCI2014-004,4,0train
791,8,"(3, 4, 4)",1,0.987012987012987,0.7894736842105263,930,0.7083333333333334,BNCI2014-004,4,0train
792,8,"(3, 4, 4)",2,0.987012987012987,0.7368421052631579,930,0.7916666666666666,BNCI2014-004,4,0train
793,8,"(3, 4, 4)",3,1.0,0.8947368421052632,930,0.7916666666666666,BNCI2014-004,4,0train
794,8,"(3, 4, 4)",4,0.974025974025974,0.7894736842105263,930,0.875,BNCI2014-004,4,0train
795,9,"(2, 2, 2)",0,1.0,0.8,938,0.7916666666666666,BNCI2014-004,4,0train
796,9,"(2, 2, 2)",1,1.0,0.7894736842105263,938,0.7083333333333334,BNCI2014-004,4,0train
797,9,"(2, 2, 2)",2,0.987012987012987,0.7368421052631579,938,0.7916666666666666,BNCI2014-004,4,0train
798,9,"(2, 2, 2)",3,1.0,0.8421052631578947,938,0.75,BNCI2014-004,4,0train
799,9,"(2, 2, 2)",4,0.974025974025974,0.7894736842105263,938,0.875,BNCI2014-004,4,0train
800,0,"(1, 1, 1)",0,0.9887640449438202,1.0,1,0.8571428571428571,BNCI2014-004,4,1train
801,0,"(1, 1, 1)",1,1.0,0.8695652173913043,1,0.8571428571428571,BNCI2014-004,4,1train
802,0,"(1, 1, 1)",2,0.9888888888888889,1.0,1,0.8928571428571429,BNCI2014-004,4,1train
803,0,"(1, 1, 1)",3,0.9888888888888889,1.0,1,0.8928571428571429,BNCI2014-004,4,1train
804,0,"(1, 1, 1)",4,0.9888888888888889,1.0,1,0.8928571428571429,BNCI2014-004,4,1train
805,1,"(3, 4, 8)",0,1.0,1.0,97,0.8928571428571429,BNCI2014-004,4,1train
806,1,"(3, 4, 8)",1,1.0,0.8695652173913043,97,0.8928571428571429,BNCI2014-004,4,1train
807,1,"(3, 4, 8)",2,1.0,1.0,97,0.8928571428571429,BNCI2014-004,4,1train
808,1,"(3, 4, 8)",3,1.0,1.0,97,0.9285714285714286,BNCI2014-004,4,1train
809,1,"(3, 4, 8)",4,1.0,1.0,97,1.0,BNCI2014-004,4,1train
810,2,"(1, 1, 1)",0,1.0,1.0,98,0.8214285714285714,BNCI2014-004,4,1train
811,2,"(1, 1, 1)",1,1.0,0.8260869565217391,98,0.8928571428571429,BNCI2014-004,4,1train
812,2,"(1, 1, 1)",2,1.0,1.0,98,0.8928571428571429,BNCI2014-004,4,1train
813,2,"(1, 1, 1)",3,1.0,1.0,98,0.9285714285714286,BNCI2014-004,4,1train
814,2,"(1, 1, 1)",4,0.9888888888888889,0.9545454545454546,98,0.9642857142857143,BNCI2014-004,4,1train
815,3,"(1, 1, 1)",0,1.0,1.0,99,0.8214285714285714,BNCI2014-004,4,1train
816,3,"(1, 1, 1)",1,1.0,0.8260869565217391,99,0.8928571428571429,BNCI2014-004,4,1train
817,3,"(1, 1, 1)",2,1.0,1.0,99,0.8928571428571429,BNCI2014-004,4,1train
818,3,"(1, 1, 1)",3,1.0,0.9545454545454546,99,0.9285714285714286,BNCI2014-004,4,1train
819,3,"(1, 1, 1)",4,0.9888888888888889,0.9545454545454546,99,0.9285714285714286,BNCI2014-004,4,1train
820,4,"(3, 4, 18)",0,1.0,0.9130434782608695,315,0.8571428571428571,BNCI2014-004,4,1train
821,4,"(3, 4, 18)",1,1.0,0.8695652173913043,315,0.8928571428571429,BNCI2014-004,4,1train
822,4,"(3, 4, 18)",2,1.0,1.0,315,0.9285714285714286,BNCI2014-004,4,1train
823,4,"(3, 4, 18)",3,1.0,0.9545454545454546,315,0.9285714285714286,BNCI2014-004,4,1train
824,4,"(3, 4, 18)",4,1.0,1.0,315,0.9285714285714286,BNCI2014-004,4,1train
825,5,"(2, 2, 2)",0,1.0,0.8695652173913043,323,0.8571428571428571,BNCI2014-004,4,1train
826,5,"(2, 2, 2)",1,1.0,0.8695652173913043,323,0.8928571428571429,BNCI2014-004,4,1train
827,5,"(2, 2, 2)",2,1.0,1.0,323,0.9285714285714286,BNCI2014-004,4,1train
828,5,"(2, 2, 2)",3,1.0,0.9545454545454546,323,0.8928571428571429,BNCI2014-004,4,1train
829,5,"(2, 2, 2)",4,1.0,0.9545454545454546,323,0.8928571428571429,BNCI2014-004,4,1train
830,6,"(2, 2, 2)",0,1.0,0.9130434782608695,331,0.8214285714285714,BNCI2014-004,4,1train
831,6,"(2, 2, 2)",1,1.0,0.8695652173913043,331,0.8928571428571429,BNCI2014-004,4,1train
832,6,"(2, 2, 2)",2,1.0,1.0,331,0.9642857142857143,BNCI2014-004,4,1train
833,6,"(2, 2, 2)",3,1.0,0.9545454545454546,331,0.8571428571428571,BNCI2014-004,4,1train
834,6,"(2, 2, 2)",4,1.0,0.9545454545454546,331,0.9285714285714286,BNCI2014-004,4,1train
835,7,"(1, 1, 1)",0,1.0,0.8695652173913043,332,0.8571428571428571,BNCI2014-004,4,1train
836,7,"(1, 1, 1)",1,1.0,0.8695652173913043,332,0.8928571428571429,BNCI2014-004,4,1train
837,7,"(1, 1, 1)",2,1.0,1.0,332,0.9642857142857143,BNCI2014-004,4,1train
838,7,"(1, 1, 1)",3,1.0,0.9545454545454546,332,0.9285714285714286,BNCI2014-004,4,1train
839,7,"(1, 1, 1)",4,1.0,0.9545454545454546,332,0.9285714285714286,BNCI2014-004,4,1train
840,8,"(3, 4, 4)",0,1.0,0.8695652173913043,380,0.8214285714285714,BNCI2014-004,4,1train
841,8,"(3, 4, 4)",1,1.0,0.8695652173913043,380,0.8928571428571429,BNCI2014-004,4,1train
842,8,"(3, 4, 4)",2,1.0,1.0,380,0.9642857142857143,BNCI2014-004,4,1train
843,8,"(3, 4, 4)",3,1.0,0.9545454545454546,380,0.8928571428571429,BNCI2014-004,4,1train
844,8,"(3, 4, 4)",4,1.0,0.9545454545454546,380,0.9642857142857143,BNCI2014-004,4,1train
845,9,"(3, 4, 4)",0,1.0,0.8695652173913043,428,0.7857142857142857,BNCI2014-004,4,1train
846,9,"(3, 4, 4)",1,1.0,0.8695652173913043,428,0.8928571428571429,BNCI2014-004,4,1train
847,9,"(3, 4, 4)",2,1.0,1.0,428,0.9642857142857143,BNCI2014-004,4,1train
848,9,"(3, 4, 4)",3,1.0,0.9545454545454546,428,0.8928571428571429,BNCI2014-004,4,1train
849,9,"(3, 4, 4)",4,1.0,0.9545454545454546,428,0.9642857142857143,BNCI2014-004,4,1train
850,0,"(1, 1, 1)",0,1.0,1.0,1,1.0,BNCI2014-004,4,2train
851,0,"(1, 1, 1)",1,1.0,1.0,1,0.96875,BNCI2014-004,4,2train
852,0,"(1, 1, 1)",2,1.0,1.0,1,1.0,BNCI2014-004,4,2train
853,0,"(1, 1, 1)",3,1.0,1.0,1,1.0,BNCI2014-004,4,2train
854,0,"(1, 1, 1)",4,1.0,0.96,1,0.96875,BNCI2014-004,4,2train
855,1,"(2, 2, 2)",0,1.0,1.0,9,1.0,BNCI2014-004,4,2train
856,1,"(2, 2, 2)",1,1.0,1.0,9,1.0,BNCI2014-004,4,2train
857,1,"(2, 2, 2)",2,1.0,1.0,9,1.0,BNCI2014-004,4,2train
858,1,"(2, 2, 2)",3,1.0,1.0,9,1.0,BNCI2014-004,4,2train
859,1,"(2, 2, 2)",4,1.0,0.96,9,1.0,BNCI2014-004,4,2train
860,2,"(1, 1, 1)",0,1.0,1.0,10,1.0,BNCI2014-004,4,2train
861,2,"(1, 1, 1)",1,1.0,1.0,10,0.96875,BNCI2014-004,4,2train
862,2,"(1, 1, 1)",2,1.0,1.0,10,1.0,BNCI2014-004,4,2train
863,2,"(1, 1, 1)",3,1.0,1.0,10,0.96875,BNCI2014-004,4,2train
864,2,"(1, 1, 1)",4,1.0,0.96,10,0.96875,BNCI2014-004,4,2train
865,3,"(3, 4, 4)",0,1.0,1.0,58,1.0,BNCI2014-004,4,2train
866,3,"(3, 4, 4)",1,1.0,1.0,58,0.96875,BNCI2014-004,4,2train
867,3,"(3, 4, 4)",2,1.0,1.0,58,1.0,BNCI2014-004,4,2train
868,3,"(3, 4, 4)",3,1.0,1.0,58,0.96875,BNCI2014-004,4,2train
869,3,"(3, 4, 4)",4,1.0,0.96,58,0.96875,BNCI2014-004,4,2train
870,4,"(1, 1, 1)",0,1.0,1.0,59,1.0,BNCI2014-004,4,2train
871,4,"(1, 1, 1)",1,1.0,1.0,59,0.96875,BNCI2014-004,4,2train
872,4,"(1, 1, 1)",2,1.0,1.0,59,1.0,BNCI2014-004,4,2train
873,4,"(1, 1, 1)",3,1.0,1.0,59,0.96875,BNCI2014-004,4,2train
874,4,"(1, 1, 1)",4,1.0,0.96,59,0.96875,BNCI2014-004,4,2train
875,5,"(1, 1, 1)",0,1.0,1.0,60,1.0,BNCI2014-004,4,2train
876,5,"(1, 1, 1)",1,1.0,1.0,60,0.96875,BNCI2014-004,4,2train
877,5,"(1, 1, 1)",2,1.0,1.0,60,0.96875,BNCI2014-004,4,2train
878,5,"(1, 1, 1)",3,1.0,1.0,60,0.96875,BNCI2014-004,4,2train
879,5,"(1, 1, 1)",4,1.0,0.96,60,0.96875,BNCI2014-004,4,2train
880,6,"(1, 1, 1)",0,1.0,1.0,61,1.0,BNCI2014-004,4,2train
881,6,"(1, 1, 1)",1,1.0,1.0,61,0.96875,BNCI2014-004,4,2train
882,6,"(1, 1, 1)",2,1.0,1.0,61,0.96875,BNCI2014-004,4,2train
883,6,"(1, 1, 1)",3,1.0,1.0,61,0.96875,BNCI2014-004,4,2train
884,6,"(1, 1, 1)",4,1.0,0.96,61,0.96875,BNCI2014-004,4,2train
885,7,"(1, 1, 1)",0,1.0,1.0,62,1.0,BNCI2014-004,4,2train
886,7,"(1, 1, 1)",1,1.0,1.0,62,0.96875,BNCI2014-004,4,2train
887,7,"(1, 1, 1)",2,1.0,1.0,62,1.0,BNCI2014-004,4,2train
888,7,"(1, 1, 1)",3,1.0,1.0,62,0.96875,BNCI2014-004,4,2train
889,7,"(1, 1, 1)",4,1.0,0.96,62,0.96875,BNCI2014-004,4,2train
890,8,"(1, 1, 1)",0,1.0,1.0,63,1.0,BNCI2014-004,4,2train
891,8,"(1, 1, 1)",1,1.0,1.0,63,0.96875,BNCI2014-004,4,2train
892,8,"(1, 1, 1)",2,1.0,1.0,63,1.0,BNCI2014-004,4,2train
893,8,"(1, 1, 1)",3,1.0,1.0,63,0.96875,BNCI2014-004,4,2train
894,8,"(1, 1, 1)",4,1.0,0.96,63,0.96875,BNCI2014-004,4,2train
895,9,"(1, 1, 1)",0,1.0,1.0,64,1.0,BNCI2014-004,4,2train
896,9,"(1, 1, 1)",1,1.0,1.0,64,0.96875,BNCI2014-004,4,2train
897,9,"(1, 1, 1)",2,1.0,1.0,64,1.0,BNCI2014-004,4,2train
898,9,"(1, 1, 1)",3,1.0,1.0,64,0.96875,BNCI2014-004,4,2train
899,9,"(1, 1, 1)",4,1.0,0.96,64,0.96875,BNCI2014-004,4,2train
900,0,"(1, 1, 1)",0,1.0,1.0,1,1.0,BNCI2014-004,4,3test
901,0,"(1, 1, 1)",1,1.0,0.9615384615384616,1,1.0,BNCI2014-004,4,3test
902,0,"(1, 1, 1)",2,1.0,1.0,1,1.0,BNCI2014-004,4,3test
903,0,"(1, 1, 1)",3,1.0,1.0,1,1.0,BNCI2014-004,4,3test
904,0,"(1, 1, 1)",4,1.0,1.0,1,1.0,BNCI2014-004,4,3test
905,1,"(2, 2, 2)",0,1.0,1.0,9,1.0,BNCI2014-004,4,3test
906,1,"(2, 2, 2)",1,1.0,0.9615384615384616,9,1.0,BNCI2014-004,4,3test
907,1,"(2, 2, 2)",2,1.0,1.0,9,1.0,BNCI2014-004,4,3test
908,1,"(2, 2, 2)",3,1.0,1.0,9,1.0,BNCI2014-004,4,3test
909,1,"(2, 2, 2)",4,1.0,1.0,9,1.0,BNCI2014-004,4,3test
910,2,"(1, 1, 1)",0,1.0,1.0,10,1.0,BNCI2014-004,4,3test
911,2,"(1, 1, 1)",1,1.0,0.9615384615384616,10,1.0,BNCI2014-004,4,3test
912,2,"(1, 1, 1)",2,1.0,1.0,10,1.0,BNCI2014-004,4,3test
913,2,"(1, 1, 1)",3,1.0,1.0,10,1.0,BNCI2014-004,4,3test
914,2,"(1, 1, 1)",4,1.0,1.0,10,1.0,BNCI2014-004,4,3test
915,3,"(1, 1, 1)",0,1.0,1.0,11,1.0,BNCI2014-004,4,3test
916,3,"(1, 1, 1)",1,1.0,0.9615384615384616,11,1.0,BNCI2014-004,4,3test
917,3,"(1, 1, 1)",2,1.0,1.0,11,1.0,BNCI2014-004,4,3test
918,3,"(1, 1, 1)",3,1.0,1.0,11,1.0,BNCI2014-004,4,3test
919,3,"(1, 1, 1)",4,1.0,1.0,11,1.0,BNCI2014-004,4,3test
920,4,"(1, 1, 1)",0,1.0,1.0,12,1.0,BNCI2014-004,4,3test
921,4,"(1, 1, 1)",1,1.0,0.9230769230769231,12,1.0,BNCI2014-004,4,3test
922,4,"(1, 1, 1)",2,1.0,1.0,12,1.0,BNCI2014-004,4,3test
923,4,"(1, 1, 1)",3,1.0,1.0,12,1.0,BNCI2014-004,4,3test
924,4,"(1, 1, 1)",4,1.0,1.0,12,1.0,BNCI2014-004,4,3test
925,5,"(1, 1, 1)",0,1.0,1.0,13,1.0,BNCI2014-004,4,3test
926,5,"(1, 1, 1)",1,1.0,0.9230769230769231,13,1.0,BNCI2014-004,4,3test
927,5,"(1, 1, 1)",2,1.0,1.0,13,1.0,BNCI2014-004,4,3test
928,5,"(1, 1, 1)",3,1.0,1.0,13,1.0,BNCI2014-004,4,3test
929,5,"(1, 1, 1)",4,1.0,1.0,13,1.0,BNCI2014-004,4,3test
930,6,"(3, 4, 16)",0,1.0,1.0,205,1.0,BNCI2014-004,4,3test
931,6,"(3, 4, 16)",1,1.0,0.9230769230769231,205,1.0,BNCI2014-004,4,3test
932,6,"(3, 4, 16)",2,1.0,1.0,205,1.0,BNCI2014-004,4,3test
933,6,"(3, 4, 16)",3,1.0,1.0,205,1.0,BNCI2014-004,4,3test
934,6,"(3, 4, 16)",4,1.0,1.0,205,1.0,BNCI2014-004,4,3test
935,7,"(3, 4, 8)",0,1.0,1.0,301,1.0,BNCI2014-004,4,3test
936,7,"(3, 4, 8)",1,1.0,0.9230769230769231,301,1.0,BNCI2014-004,4,3test
937,7,"(3, 4, 8)",2,1.0,1.0,301,1.0,BNCI2014-004,4,3test
938,7,"(3, 4, 8)",3,1.0,1.0,301,1.0,BNCI2014-004,4,3test
939,7,"(3, 4, 8)",4,1.0,1.0,301,1.0,BNCI2014-004,4,3test
940,8,"(1, 1, 1)",0,1.0,1.0,302,1.0,BNCI2014-004,4,3test
941,8,"(1, 1, 1)",1,1.0,0.9230769230769231,302,1.0,BNCI2014-004,4,3test
942,8,"(1, 1, 1)",2,1.0,1.0,302,1.0,BNCI2014-004,4,3test
943,8,"(1, 1, 1)",3,1.0,1.0,302,1.0,BNCI2014-004,4,3test
944,8,"(1, 1, 1)",4,1.0,1.0,302,1.0,BNCI2014-004,4,3test
945,9,"(2, 2, 2)",0,1.0,1.0,310,1.0,BNCI2014-004,4,3test
946,9,"(2, 2, 2)",1,1.0,0.9230769230769231,310,1.0,BNCI2014-004,4,3test
947,9,"(2, 2, 2)",2,1.0,1.0,310,1.0,BNCI2014-004,4,3test
948,9,"(2, 2, 2)",3,1.0,1.0,310,1.0,BNCI2014-004,4,3test
949,9,"(2, 2, 2)",4,1.0,1.0,310,1.0,BNCI2014-004,4,3test
950,0,"(2, 2, 2)",0,0.9705882352941176,0.9230769230769231,8,0.9375,BNCI2014-004,4,4test
951,0,"(2, 2, 2)",1,0.9705882352941176,0.9230769230769231,8,0.9375,BNCI2014-004,4,4test
952,0,"(2, 2, 2)",2,0.9411764705882353,1.0,8,0.9375,BNCI2014-004,4,4test
953,0,"(2, 2, 2)",3,0.9611650485436893,0.96,8,0.9375,BNCI2014-004,4,4test
954,0,"(2, 2, 2)",4,0.941747572815534,0.96,8,0.9375,BNCI2014-004,4,4test
955,1,"(1, 1, 1)",0,0.9803921568627451,0.9615384615384616,9,0.90625,BNCI2014-004,4,4test
956,1,"(1, 1, 1)",1,0.9803921568627451,0.9230769230769231,9,0.96875,BNCI2014-004,4,4test
957,1,"(1, 1, 1)",2,0.9607843137254902,1.0,9,0.9375,BNCI2014-004,4,4test
958,1,"(1, 1, 1)",3,0.9805825242718447,0.96,9,0.9375,BNCI2014-004,4,4test
959,1,"(1, 1, 1)",4,0.970873786407767,0.92,9,0.90625,BNCI2014-004,4,4test
960,2,"(1, 1, 1)",0,0.9705882352941176,0.9230769230769231,10,0.90625,BNCI2014-004,4,4test
961,2,"(1, 1, 1)",1,0.9803921568627451,0.9230769230769231,10,0.9375,BNCI2014-004,4,4test
962,2,"(1, 1, 1)",2,0.9705882352941176,0.9615384615384616,10,0.96875,BNCI2014-004,4,4test
963,2,"(1, 1, 1)",3,0.9805825242718447,0.96,10,0.90625,BNCI2014-004,4,4test
964,2,"(1, 1, 1)",4,0.9611650485436893,0.92,10,0.9375,BNCI2014-004,4,4test
965,3,"(1, 1, 1)",0,0.9803921568627451,0.9615384615384616,11,0.9375,BNCI2014-004,4,4test
966,3,"(1, 1, 1)",1,0.9901960784313726,0.8846153846153846,11,0.9375,BNCI2014-004,4,4test
967,3,"(1, 1, 1)",2,1.0,0.9615384615384616,11,0.96875,BNCI2014-004,4,4test
968,3,"(1, 1, 1)",3,0.9902912621359223,0.96,11,0.90625,BNCI2014-004,4,4test
969,3,"(1, 1, 1)",4,0.970873786407767,0.92,11,0.96875,BNCI2014-004,4,4test
970,4,"(3, 4, 18)",0,0.9901960784313726,1.0,227,0.90625,BNCI2014-004,4,4test
971,4,"(3, 4, 18)",1,1.0,0.8846153846153846,227,0.9375,BNCI2014-004,4,4test
972,4,"(3, 4, 18)",2,0.9901960784313726,0.9615384615384616,227,0.96875,BNCI2014-004,4,4test
973,4,"(3, 4, 18)",3,0.9902912621359223,0.96,227,0.875,BNCI2014-004,4,4test
974,4,"(3, 4, 18)",4,0.9805825242718447,0.92,227,0.96875,BNCI2014-004,4,4test
975,5,"(1, 1, 1)",0,1.0,1.0,228,0.9375,BNCI2014-004,4,4test
976,5,"(1, 1, 1)",1,0.9901960784313726,0.8846153846153846,228,0.875,BNCI2014-004,4,4test
977,5,"(1, 1, 1)",2,1.0,0.9615384615384616,228,0.875,BNCI2014-004,4,4test
978,5,"(1, 1, 1)",3,0.9805825242718447,0.96,228,0.875,BNCI2014-004,4,4test
979,5,"(1, 1, 1)",4,0.9902912621359223,0.92,228,0.96875,BNCI2014-004,4,4test
980,6,"(1, 1, 1)",0,1.0,0.9615384615384616,229,0.9375,BNCI2014-004,4,4test
981,6,"(1, 1, 1)",1,1.0,0.9615384615384616,229,0.875,BNCI2014-004,4,4test
982,6,"(1, 1, 1)",2,1.0,0.9615384615384616,229,0.90625,BNCI2014-004,4,4test
983,6,"(1, 1, 1)",3,0.9902912621359223,0.92,229,0.90625,BNCI2014-004,4,4test
984,6,"(1, 1, 1)",4,0.9805825242718447,0.92,229,0.90625,BNCI2014-004,4,4test
985,7,"(2, 2, 2)",0,1.0,0.9615384615384616,237,0.9375,BNCI2014-004,4,4test
986,7,"(2, 2, 2)",1,1.0,0.9230769230769231,237,0.875,BNCI2014-004,4,4test
987,7,"(2, 2, 2)",2,1.0,0.9615384615384616,237,0.90625,BNCI2014-004,4,4test
988,7,"(2, 2, 2)",3,0.9902912621359223,0.96,237,0.875,BNCI2014-004,4,4test
989,7,"(2, 2, 2)",4,0.9805825242718447,0.92,237,0.90625,BNCI2014-004,4,4test
990,8,"(2, 2, 2)",0,1.0,0.9615384615384616,245,0.9375,BNCI2014-004,4,4test
991,8,"(2, 2, 2)",1,1.0,0.9615384615384616,245,0.875,BNCI2014-004,4,4test
992,8,"(2, 2, 2)",2,1.0,0.9615384615384616,245,0.90625,BNCI2014-004,4,4test
993,8,"(2, 2, 2)",3,0.9805825242718447,0.92,245,0.875,BNCI2014-004,4,4test
994,8,"(2, 2, 2)",4,0.9805825242718447,0.92,245,0.90625,BNCI2014-004,4,4test
995,9,"(3, 4, 16)",0,1.0,0.9615384615384616,437,0.9375,BNCI2014-004,4,4test
996,9,"(3, 4, 16)",1,1.0,0.9615384615384616,437,0.875,BNCI2014-004,4,4test
997,9,"(3, 4, 16)",2,1.0,0.9615384615384616,437,0.90625,BNCI2014-004,4,4test
998,9,"(3, 4, 16)",3,0.9805825242718447,0.92,437,0.875,BNCI2014-004,4,4test
999,9,"(3, 4, 16)",4,0.9805825242718447,0.92,437,0.90625,BNCI2014-004,4,4test
1000,0,"(2, 2, 2)",0,0.9210526315789473,0.85,8,0.7083333333333334,BNCI2014-004,5,0train
1001,0,"(2, 2, 2)",1,0.9090909090909091,0.8421052631578947,8,0.75,BNCI2014-004,5,0train
1002,0,"(2, 2, 2)",2,0.8701298701298701,0.7368421052631579,8,0.75,BNCI2014-004,5,0train
1003,0,"(2, 2, 2)",3,0.8701298701298701,0.5263157894736842,8,0.6666666666666666,BNCI2014-004,5,0train
1004,0,"(2, 2, 2)",4,0.8831168831168831,0.8947368421052632,8,0.7083333333333334,BNCI2014-004,5,0train
1005,1,"(3, 4, 16)",0,0.9473684210526315,0.7,200,0.6666666666666666,BNCI2014-004,5,0train
1006,1,"(3, 4, 16)",1,0.935064935064935,0.6842105263157895,200,0.7916666666666666,BNCI2014-004,5,0train
1007,1,"(3, 4, 16)",2,0.8961038961038961,0.7894736842105263,200,0.75,BNCI2014-004,5,0train
1008,1,"(3, 4, 16)",3,0.8701298701298701,0.5789473684210527,200,0.75,BNCI2014-004,5,0train
1009,1,"(3, 4, 16)",4,0.935064935064935,0.8421052631578947,200,0.6666666666666666,BNCI2014-004,5,0train
1010,2,"(2, 2, 2)",0,0.9342105263157895,0.8,208,0.7083333333333334,BNCI2014-004,5,0train
1011,2,"(2, 2, 2)",1,0.922077922077922,0.6842105263157895,208,0.7083333333333334,BNCI2014-004,5,0train
1012,2,"(2, 2, 2)",2,0.922077922077922,0.8421052631578947,208,0.6666666666666666,BNCI2014-004,5,0train
1013,2,"(2, 2, 2)",3,0.922077922077922,0.5789473684210527,208,0.7083333333333334,BNCI2014-004,5,0train
1014,2,"(2, 2, 2)",4,0.935064935064935,0.7894736842105263,208,0.6666666666666666,BNCI2014-004,5,0train
1015,3,"(3, 4, 16)",0,0.9473684210526315,0.75,400,0.6666666666666666,BNCI2014-004,5,0train
1016,3,"(3, 4, 16)",1,0.935064935064935,0.6842105263157895,400,0.8333333333333334,BNCI2014-004,5,0train
1017,3,"(3, 4, 16)",2,0.948051948051948,0.8421052631578947,400,0.5416666666666666,BNCI2014-004,5,0train
1018,3,"(3, 4, 16)",3,0.9090909090909091,0.631578947368421,400,0.75,BNCI2014-004,5,0train
1019,3,"(3, 4, 16)",4,0.922077922077922,0.7368421052631579,400,0.625,BNCI2014-004,5,0train
1020,4,"(3, 4, 18)",0,0.9473684210526315,0.8,616,0.625,BNCI2014-004,5,0train
1021,4,"(3, 4, 18)",1,0.948051948051948,0.8421052631578947,616,0.7083333333333334,BNCI2014-004,5,0train
1022,4,"(3, 4, 18)",2,0.922077922077922,0.7368421052631579,616,0.5833333333333334,BNCI2014-004,5,0train
1023,4,"(3, 4, 18)",3,0.974025974025974,0.6842105263157895,616,0.75,BNCI2014-004,5,0train
1024,4,"(3, 4, 18)",4,0.935064935064935,0.631578947368421,616,0.625,BNCI2014-004,5,0train
1025,5,"(3, 4, 18)",0,0.9473684210526315,0.8,832,0.5416666666666666,BNCI2014-004,5,0train
1026,5,"(3, 4, 18)",1,0.935064935064935,0.7894736842105263,832,0.7083333333333334,BNCI2014-004,5,0train
1027,5,"(3, 4, 18)",2,0.935064935064935,0.7368421052631579,832,0.5416666666666666,BNCI2014-004,5,0train
1028,5,"(3, 4, 18)",3,0.961038961038961,0.6842105263157895,832,0.75,BNCI2014-004,5,0train
1029,5,"(3, 4, 18)",4,0.922077922077922,0.6842105263157895,832,0.5833333333333334,BNCI2014-004,5,0train
1030,6,"(3, 4, 18)",0,0.9605263157894737,0.8,1048,0.5833333333333334,BNCI2014-004,5,0train
1031,6,"(3, 4, 18)",1,0.935064935064935,0.7894736842105263,1048,0.75,BNCI2014-004,5,0train
1032,6,"(3, 4, 18)",2,0.935064935064935,0.7894736842105263,1048,0.5,BNCI2014-004,5,0train
1033,6,"(3, 4, 18)",3,0.961038961038961,0.5789473684210527,1048,0.6666666666666666,BNCI2014-004,5,0train
1034,6,"(3, 4, 18)",4,0.935064935064935,0.631578947368421,1048,0.625,BNCI2014-004,5,0train
1035,7,"(3, 4, 16)",0,0.9736842105263158,0.6,1240,0.4583333333333333,BNCI2014-004,5,0train
1036,7,"(3, 4, 16)",1,0.935064935064935,0.7894736842105263,1240,0.7083333333333334,BNCI2014-004,5,0train
1037,7,"(3, 4, 16)",2,0.922077922077922,0.7368421052631579,1240,0.5,BNCI2014-004,5,0train
1038,7,"(3, 4, 16)",3,0.974025974025974,0.5789473684210527,1240,0.7083333333333334,BNCI2014-004,5,0train
1039,7,"(3, 4, 16)",4,0.935064935064935,0.631578947368421,1240,0.625,BNCI2014-004,5,0train
1040,8,"(2, 2, 2)",0,0.9736842105263158,0.6,1248,0.5,BNCI2014-004,5,0train
1041,8,"(2, 2, 2)",1,0.974025974025974,0.7368421052631579,1248,0.7083333333333334,BNCI2014-004,5,0train
1042,8,"(2, 2, 2)",2,0.922077922077922,0.7368421052631579,1248,0.5,BNCI2014-004,5,0train
1043,8,"(2, 2, 2)",3,0.974025974025974,0.5789473684210527,1248,0.7083333333333334,BNCI2014-004,5,0train
1044,8,"(2, 2, 2)",4,0.935064935064935,0.5789473684210527,1248,0.5416666666666666,BNCI2014-004,5,0train
1045,9,"(3, 4, 16)",0,0.9605263157894737,0.65,1440,0.5,BNCI2014-004,5,0train
1046,9,"(3, 4, 16)",1,0.974025974025974,0.7368421052631579,1440,0.7083333333333334,BNCI2014-004,5,0train
1047,9,"(3, 4, 16)",2,0.935064935064935,0.7368421052631579,1440,0.5,BNCI2014-004,5,0train
1048,9,"(3, 4, 16)",3,0.987012987012987,0.5263157894736842,1440,0.7916666666666666,BNCI2014-004,5,0train
1049,9,"(3, 4, 16)",4,0.961038961038961,0.631578947368421,1440,0.5416666666666666,BNCI2014-004,5,0train
1050,0,"(1, 1, 1)",0,0.9438202247191011,0.8260869565217391,1,0.8214285714285714,BNCI2014-004,5,1train
1051,0,"(1, 1, 1)",1,0.898876404494382,0.9130434782608695,1,0.8214285714285714,BNCI2014-004,5,1train
1052,0,"(1, 1, 1)",2,0.9333333333333333,0.8181818181818182,1,0.8571428571428571,BNCI2014-004,5,1train
1053,0,"(1, 1, 1)",3,0.9222222222222223,0.9545454545454546,1,0.8571428571428571,BNCI2014-004,5,1train
1054,0,"(1, 1, 1)",4,0.9111111111111111,0.9090909090909091,1,0.8928571428571429,BNCI2014-004,5,1train
1055,1,"(3, 4, 4)",0,0.9775280898876404,0.8260869565217391,49,0.8928571428571429,BNCI2014-004,5,1train
1056,1,"(3, 4, 4)",1,0.9775280898876404,0.9565217391304348,49,0.8928571428571429,BNCI2014-004,5,1train
1057,1,"(3, 4, 4)",2,0.9555555555555556,0.8181818181818182,49,0.7857142857142857,BNCI2014-004,5,1train
1058,1,"(3, 4, 4)",3,0.9444444444444444,0.8636363636363636,49,0.7142857142857143,BNCI2014-004,5,1train
1059,1,"(3, 4, 4)",4,0.9555555555555556,1.0,49,0.8571428571428571,BNCI2014-004,5,1train
1060,2,"(2, 2, 2)",0,0.9775280898876404,0.8260869565217391,57,0.8214285714285714,BNCI2014-004,5,1train
1061,2,"(2, 2, 2)",1,0.9662921348314607,0.9130434782608695,57,0.9285714285714286,BNCI2014-004,5,1train
1062,2,"(2, 2, 2)",2,0.9777777777777777,0.7727272727272727,57,0.9285714285714286,BNCI2014-004,5,1train
1063,2,"(2, 2, 2)",3,0.9666666666666667,0.9545454545454546,57,0.8571428571428571,BNCI2014-004,5,1train
1064,2,"(2, 2, 2)",4,0.9555555555555556,0.9545454545454546,57,0.8928571428571429,BNCI2014-004,5,1train
1065,3,"(3, 4, 18)",0,0.9775280898876404,0.8260869565217391,273,0.9285714285714286,BNCI2014-004,5,1train
1066,3,"(3, 4, 18)",1,0.9775280898876404,0.9130434782608695,273,0.8928571428571429,BNCI2014-004,5,1train
1067,3,"(3, 4, 18)",2,0.9666666666666667,0.8181818181818182,273,0.8928571428571429,BNCI2014-004,5,1train
1068,3,"(3, 4, 18)",3,0.9888888888888889,0.8181818181818182,273,0.8571428571428571,BNCI2014-004,5,1train
1069,3,"(3, 4, 18)",4,1.0,0.8636363636363636,273,0.8571428571428571,BNCI2014-004,5,1train
1070,4,"(3, 4, 16)",0,0.9887640449438202,0.8260869565217391,465,0.8928571428571429,BNCI2014-004,5,1train
1071,4,"(3, 4, 16)",1,0.9887640449438202,0.9130434782608695,465,0.9285714285714286,BNCI2014-004,5,1train
1072,4,"(3, 4, 16)",2,0.9777777777777777,0.8181818181818182,465,0.8928571428571429,BNCI2014-004,5,1train
1073,4,"(3, 4, 16)",3,0.9888888888888889,0.7727272727272727,465,0.7857142857142857,BNCI2014-004,5,1train
1074,4,"(3, 4, 16)",4,1.0,0.8636363636363636,465,0.8571428571428571,BNCI2014-004,5,1train
1075,5,"(1, 1, 1)",0,0.9887640449438202,0.8260869565217391,466,0.8928571428571429,BNCI2014-004,5,1train
1076,5,"(1, 1, 1)",1,0.9887640449438202,0.9130434782608695,466,0.9285714285714286,BNCI2014-004,5,1train
1077,5,"(1, 1, 1)",2,0.9777777777777777,0.7727272727272727,466,0.8571428571428571,BNCI2014-004,5,1train
1078,5,"(1, 1, 1)",3,0.9888888888888889,0.7727272727272727,466,0.7857142857142857,BNCI2014-004,5,1train
1079,5,"(1, 1, 1)",4,1.0,0.9090909090909091,466,0.8214285714285714,BNCI2014-004,5,1train
1080,6,"(3, 4, 16)",0,0.9887640449438202,0.8260869565217391,658,0.8214285714285714,BNCI2014-004,5,1train
1081,6,"(3, 4, 16)",1,0.9887640449438202,0.9565217391304348,658,0.9285714285714286,BNCI2014-004,5,1train
1082,6,"(3, 4, 16)",2,0.9777777777777777,0.8181818181818182,658,0.8571428571428571,BNCI2014-004,5,1train
1083,6,"(3, 4, 16)",3,0.9888888888888889,0.7727272727272727,658,0.7857142857142857,BNCI2014-004,5,1train
1084,6,"(3, 4, 16)",4,1.0,0.8636363636363636,658,0.8214285714285714,BNCI2014-004,5,1train
1085,7,"(2, 2, 2)",0,0.9887640449438202,0.8260869565217391,666,0.8571428571428571,BNCI2014-004,5,1train
1086,7,"(2, 2, 2)",1,0.9887640449438202,0.9565217391304348,666,0.9285714285714286,BNCI2014-004,5,1train
1087,7,"(2, 2, 2)",2,0.9888888888888889,0.8181818181818182,666,0.8571428571428571,BNCI2014-004,5,1train
1088,7,"(2, 2, 2)",3,0.9888888888888889,0.8181818181818182,666,0.7857142857142857,BNCI2014-004,5,1train
1089,7,"(2, 2, 2)",4,1.0,0.8636363636363636,666,0.8214285714285714,BNCI2014-004,5,1train
1090,8,"(3, 4, 18)",0,0.9887640449438202,0.8260869565217391,882,0.8571428571428571,BNCI2014-004,5,1train
1091,8,"(3, 4, 18)",1,0.9887640449438202,0.9565217391304348,882,0.9285714285714286,BNCI2014-004,5,1train
1092,8,"(3, 4, 18)",2,0.9888888888888889,0.8181818181818182,882,0.8571428571428571,BNCI2014-004,5,1train
1093,8,"(3, 4, 18)",3,0.9888888888888889,0.7727272727272727,882,0.75,BNCI2014-004,5,1train
1094,8,"(3, 4, 18)",4,1.0,0.8636363636363636,882,0.8214285714285714,BNCI2014-004,5,1train
1095,9,"(3, 4, 18)",0,0.9887640449438202,0.8260869565217391,1098,0.8571428571428571,BNCI2014-004,5,1train
1096,9,"(3, 4, 18)",1,0.9887640449438202,0.9130434782608695,1098,0.8571428571428571,BNCI2014-004,5,1train
1097,9,"(3, 4, 18)",2,0.9888888888888889,0.8181818181818182,1098,0.8571428571428571,BNCI2014-004,5,1train
1098,9,"(3, 4, 18)",3,1.0,0.8181818181818182,1098,0.7142857142857143,BNCI2014-004,5,1train
1099,9,"(3, 4, 18)",4,1.0,0.8636363636363636,1098,0.8214285714285714,BNCI2014-004,5,1train
