,subject,dataset,fold,theta,n_blocks,train_score,test_score,train_mse,test_mse
0,7,BNCI2014-008,0,0.0,1,0.8503965176098138,0.8682448979591837,0.9962445439745039,0.9397065928687263
1,7,BNCI2014-008,0,0.0,2,0.8733468257108938,0.8489795918367347,0.9914676907403498,0.9374821429417743
2,7,BNCI2014-008,0,0.0,3,0.8911762112047035,0.8564897959183674,0.9893954068861867,0.9366040972468678
3,7,BNCI2014-008,0,0.0,4,0.8916253038611567,0.8520816326530612,0.9881095203692672,0.9355518126831964
4,7,BNCI2014-008,0,0.0,5,0.8916479167844422,0.8514285714285714,0.9866634834742966,0.9346039328759439
5,7,BNCI2014-008,0,0.0,6,0.8934320764316808,0.843591836734694,0.9826739797426819,0.9280796049069129
6,7,BNCI2014-008,0,0.0,7,0.8953577929786873,0.8582857142857143,0.9785018339676839,0.924480150523978
7,7,BNCI2014-008,0,0.0,8,0.8953899033297531,0.8587755102040816,0.9755151096826612,0.9219198425807438
8,7,BNCI2014-008,0,0.0,9,0.895312567132116,0.8576326530612244,0.9750142735959602,0.9218246026221615
9,7,BNCI2014-008,0,0.0,10,0.8954206569054214,0.8577959183673469,0.9726388650608264,0.9194648110714229
10,7,BNCI2014-008,0,0.0,11,0.8958616089094915,0.8579591836734695,0.9705473537489729,0.9158816631837923
11,7,BNCI2014-008,0,0.0,12,0.8985507377466222,0.8620408163265306,0.9695518583764507,0.9151888922201677
12,7,BNCI2014-008,0,0.0,13,0.8985769687376337,0.8626938775510203,0.9675472362890206,0.9146900510798563
13,7,BNCI2014-008,0,0.0,14,0.8985869184238793,0.8635102040816327,0.9626902940229569,0.9104527139061619
14,7,BNCI2014-008,0,0.0,15,0.8987036011080332,0.8631836734693876,0.960894741311475,0.9084593799590557
15,7,BNCI2014-008,0,0.0,16,0.9005216801402001,0.859265306122449,0.9570510065256004,0.9066056468569603
16,7,BNCI2014-008,0,0.0,17,0.9006582621968455,0.8587755102040817,0.9536907369314733,0.9057401142598818
17,7,BNCI2014-008,0,0.0,18,0.9006537396121884,0.858938775510204,0.9443644822239688,0.9010512666508986
18,7,BNCI2014-008,0,0.0,19,0.9007957487704221,0.8569795918367347,0.939496510285604,0.8984747781049959
19,7,BNCI2014-008,0,0.0,20,0.900851376561705,0.8564897959183673,0.9381390013016914,0.8979907502376163
20,7,BNCI2014-008,0,0.0,21,0.9007776584317937,0.8586122448979592,0.9375782067763822,0.8966245263547421
21,7,BNCI2014-008,0,0.0,22,0.9011733845892926,0.8587755102040815,0.9339209154405214,0.8929115986998526
22,7,BNCI2014-008,0,0.0,23,0.9012498162699983,0.8586122448979592,0.9317112961099177,0.890928402489127
23,7,BNCI2014-008,0,0.0,24,0.9012466504607383,0.8586122448979592,0.9309494988764894,0.889958016351041
24,7,BNCI2014-008,0,0.0,25,0.9029304087285884,0.8543673469387755,0.9291776198393455,0.8886632598576257
25,7,BNCI2014-008,0,0.0,26,0.9031212618011193,0.8561632653061224,0.9283070541782527,0.8878828392570827
26,7,BNCI2014-008,0,0.0,27,0.903027192040251,0.8574693877551021,0.9276569185049006,0.888775315695387
27,7,BNCI2014-008,0,0.0,28,0.903020860421731,0.857795918367347,0.9274102051652222,0.8884471116343616
28,7,BNCI2014-008,0,0.0,29,0.9033781446096444,0.8584489795918367,0.9269862013805608,0.8879862948027584
29,7,BNCI2014-008,0,0.0,30,0.90341025496071,0.858938775510204,0.9252435616915026,0.8856485499992255
30,7,BNCI2014-008,0,0.0,31,0.9042677370117023,0.8656326530612245,0.9241495855542166,0.8863748981883856
31,7,BNCI2014-008,0,0.0,32,0.9044726100966702,0.8685714285714285,0.9235721397223395,0.8860193696840104
32,7,BNCI2014-008,1,0.0,1,0.8510699304652609,0.8599183673469388,0.9960843553739461,0.9176220075068281
33,7,BNCI2014-008,1,0.0,2,0.8728828085250719,0.868734693877551,0.9912375863660782,0.9119983728201216
34,7,BNCI2014-008,1,0.0,3,0.8909975691107468,0.8969795918367347,0.9888123998928565,0.9101640995747595
35,7,BNCI2014-008,1,0.0,4,0.8915909322177626,0.8979591836734694,0.9873793407897706,0.9079532067428678
36,7,BNCI2014-008,1,0.0,5,0.8921472101305895,0.8995918367346938,0.9860659090250238,0.9064793830265135
37,7,BNCI2014-008,1,0.0,6,0.8939309175193623,0.9103673469387755,0.9850678781792784,0.9047047010145214
38,7,BNCI2014-008,1,0.0,7,0.8941330770535362,0.910530612244898,0.9849604319670732,0.9045928143645852
39,7,BNCI2014-008,1,0.0,8,0.8976385324212788,0.9066122448979591,0.9841020004808042,0.9037964128730005
40,7,BNCI2014-008,1,0.0,9,0.8985000847984623,0.9049795918367347,0.9834745990849826,0.9030499596623489
41,7,BNCI2014-008,1,0.0,10,0.9012122788173442,0.9048163265306122,0.9786099268102744,0.9006458154720537
42,7,BNCI2014-008,1,0.0,11,0.9021113686471818,0.9053061224489797,0.9776192912836711,0.8994250939119559
43,7,BNCI2014-008,1,0.0,12,0.9021344338289331,0.9053061224489797,0.9771165661427407,0.8988317729137044
44,7,BNCI2014-008,1,0.0,13,0.9057461699361185,0.9074285714285714,0.9733962637523618,0.8950882844501618
45,7,BNCI2014-008,1,0.0,14,0.9077930917519361,0.9090612244897959,0.970541662493277,0.8935503540145076
46,7,BNCI2014-008,1,0.0,15,0.9083480128893663,0.9061224489795918,0.9661657876827696,0.8904626396393628
47,7,BNCI2014-008,1,0.0,16,0.9083308270676691,0.9062857142857143,0.9647881787292539,0.8896050060903892
48,7,BNCI2014-008,1,0.0,17,0.9083746961388434,0.9067755102040816,0.9631556484666698,0.8882199661004518
49,7,BNCI2014-008,1,0.0,18,0.9083602238679405,0.9064489795918368,0.9622550486179201,0.8885427712293287
50,7,BNCI2014-008,1,0.0,19,0.9086256995873142,0.9075918367346939,0.9616724981661922,0.8884330814525374
51,7,BNCI2014-008,1,0.0,20,0.9086840409293911,0.9074285714285714,0.9597752581207001,0.8873126081704222
52,7,BNCI2014-008,1,0.0,21,0.9087554977669738,0.9084081632653062,0.9568080400050076,0.8849724372645856
53,7,BNCI2014-008,1,0.0,22,0.9086270563627115,0.908408163265306,0.9520502013902247,0.8838781256989918
54,7,BNCI2014-008,1,0.0,23,0.908936401153259,0.908734693877551,0.9499739530903659,0.8805631959009853
55,7,BNCI2014-008,1,0.0,24,0.9089119791961104,0.9088979591836733,0.9474417779912472,0.8786325307462486
56,7,BNCI2014-008,1,0.0,25,0.9089965515291989,0.9097142857142857,0.9455478461783775,0.8768136455741329
57,7,BNCI2014-008,1,0.0,26,0.9090119283170333,0.9111836734693878,0.9440202642800005,0.8763357139420467
58,7,BNCI2014-008,1,0.0,27,0.9092516253038612,0.9139591836734694,0.9432467982097797,0.8760947140452727
59,7,BNCI2014-008,1,0.0,28,0.9092823788795296,0.9144489795918368,0.9391177809607241,0.8735205369443686
60,7,BNCI2014-008,1,0.0,29,0.9096753914862343,0.9139591836734694,0.9390011608464582,0.8734323922015473
61,7,BNCI2014-008,1,0.0,30,0.9096713211600429,0.913795918367347,0.9360642745862876,0.8739418795920695
62,7,BNCI2014-008,1,0.0,31,0.9096794618124259,0.913795918367347,0.93391385060273,0.8723235556688698
63,7,BNCI2014-008,1,0.0,32,0.9096333314489229,0.9131428571428571,0.9318847670953007,0.8718069980140201
64,7,BNCI2014-008,2,0.0,1,0.8551144779241336,0.7604897959183673,0.996033386957673,0.9628381528599985
65,7,BNCI2014-008,2,0.0,2,0.8753055571258974,0.8060408163265306,0.9912351626916299,0.9608912304418882
66,7,BNCI2014-008,2,0.0,3,0.8931136864718188,0.8223673469387754,0.9889085173244924,0.9600010948441998
67,7,BNCI2014-008,2,0.0,4,0.8934365990163379,0.8150204081632654,0.9877891559410718,0.9588639849429598
68,7,BNCI2014-008,2,0.0,5,0.895186387020182,0.817469387755102,0.987307167053012,0.9585431148368903
69,7,BNCI2014-008,2,0.0,6,0.8979116965345695,0.8200816326530612,0.9858039444505065,0.9566098064505598
70,7,BNCI2014-008,2,0.0,7,0.8984724970320538,0.8238367346938775,0.9843314971930777,0.9574425486102633
71,7,BNCI2014-008,2,0.0,8,0.8987438521114818,0.8231836734693878,0.9837205420612921,0.9567601513486226
72,7,BNCI2014-008,2,0.0,9,0.8987397817852902,0.8217142857142857,0.980595111482941,0.953947514273133
73,7,BNCI2014-008,2,0.0,10,0.8989912374922266,0.8236734693877551,0.9788505613293319,0.9510443924836676
74,7,BNCI2014-008,2,0.0,11,0.9029765390920911,0.8212244897959183,0.9769833663473441,0.949534094929698
75,7,BNCI2014-008,2,0.0,12,0.9044753236474645,0.8143673469387754,0.9761956383870868,0.948262822645694
76,7,BNCI2014-008,2,0.0,13,0.9044739668720674,0.8145306122448979,0.9745155865467241,0.9459416612071896
77,7,BNCI2014-008,2,0.0,14,0.9059325004239923,0.8217142857142857,0.9732664985717946,0.9451695565996435
78,7,BNCI2014-008,2,0.0,15,0.9059315959070608,0.8208979591836735,0.972400703840174,0.9437990351872585
79,7,BNCI2014-008,2,0.0,16,0.9073277177907175,0.8220408163265306,0.9718468892209846,0.9440529825934802
80,7,BNCI2014-008,2,0.0,17,0.9082950986488779,0.8266122448979591,0.9687587800915701,0.9397598081848426
81,7,BNCI2014-008,2,0.0,18,0.9085804737407429,0.8282448979591837,0.965705441232222,0.9375027405669807
82,7,BNCI2014-008,2,0.0,19,0.9085641924359772,0.8271020408163264,0.9571444108620133,0.9285354777812181
83,7,BNCI2014-008,2,0.0,20,0.9091403697212957,0.8333061224489796,0.9536342671463238,0.9256189588998072
84,7,BNCI2014-008,2,0.0,21,0.9089373056701904,0.8326530612244898,0.951678467785703,0.923122437145105
85,7,BNCI2014-008,2,0.0,22,0.9090232347786761,0.8336326530612245,0.9502744529092346,0.9223558765557798
86,7,BNCI2014-008,2,0.0,23,0.9093095143874724,0.8347755102040817,0.949214109986533,0.9209356392259206
87,7,BNCI2014-008,2,0.0,24,0.9095894623777487,0.8339591836734693,0.945114702334271,0.9150044286091967
88,7,BNCI2014-008,2,0.0,25,0.9097056928034372,0.8341224489795919,0.9449811054655889,0.9150103099687548
89,7,BNCI2014-008,2,0.0,26,0.9097088586126971,0.8342857142857143,0.9438852939305473,0.9148411422349904
90,7,BNCI2014-008,2,0.0,27,0.9096907682740686,0.8346122448979593,0.9437362425097112,0.91472634405781
91,7,BNCI2014-008,2,0.0,28,0.9097237831420657,0.8337959183673469,0.9431652401297714,0.914968888046137
92,7,BNCI2014-008,2,0.0,29,0.9098024761150998,0.8339591836734693,0.942070682105599,0.9139722784780242
93,7,BNCI2014-008,2,0.0,30,0.9101778506416417,0.8372244897959183,0.9408770793504361,0.9131972077739885
94,7,BNCI2014-008,2,0.0,31,0.9102280513313359,0.8349387755102041,0.9405378820578538,0.9134981826058071
95,7,BNCI2014-008,2,0.0,32,0.9102339306913901,0.8347755102040816,0.9393999369652947,0.9132079748915957
96,7,BNCI2014-008,3,0.0,1,0.8528084120074622,0.8220408163265306,0.9961006710613017,1.1505408107937907
97,7,BNCI2014-008,3,0.0,2,0.8741183786534004,0.8448979591836734,0.991352413497485,1.1440755565668244
98,7,BNCI2014-008,3,0.0,3,0.893436599016338,0.8501224489795918,0.9886676713103785,1.1401943826214218
99,7,BNCI2014-008,3,0.0,4,0.8939811182090563,0.8470204081632653,0.9875834123366707,1.1382186453705325
100,7,BNCI2014-008,3,0.0,5,0.8940091582339307,0.8473469387755102,0.9860750970335739,1.1368532784710483
101,7,BNCI2014-008,3,0.0,6,0.8973192379444853,0.8404897959183673,0.9826488213040572,1.134016526291041
102,7,BNCI2014-008,3,0.0,7,0.8994448527333372,0.8390204081632653,0.9770663064950712,1.1311896990386452
103,7,BNCI2014-008,3,0.0,8,0.8997130420035051,0.8375510204081633,0.9767773272499899,1.1312101845137548
104,7,BNCI2014-008,3,0.0,9,0.8996859064955622,0.8375510204081633,0.9725703901690039,1.1262288596575727
105,7,BNCI2014-008,3,0.0,10,0.8996338967720052,0.8390204081632653,0.9712209838746587,1.1259139973681944
106,7,BNCI2014-008,3,0.0,11,0.8996777658431793,0.8396734693877551,0.9687391659008541,1.1228679866441276
107,7,BNCI2014-008,3,0.0,12,0.9002675108824694,0.8372244897959183,0.9650478753494234,1.1180636782922446
108,7,BNCI2014-008,3,0.0,13,0.9003208773814235,0.8373877551020409,0.9612982430180125,1.1151418946100076
109,7,BNCI2014-008,3,0.0,14,0.9003086664028492,0.8373877551020408,0.9579791885033657,1.1111535554253325
110,7,BNCI2014-008,3,0.0,15,0.9003353496523263,0.8365714285714285,0.9556989039768289,1.1099161697748199
111,7,BNCI2014-008,3,0.0,16,0.9005311775679802,0.8351020408163264,0.955198233175413,1.109708743830407
112,7,BNCI2014-008,3,0.0,17,0.9008757985188535,0.8362448979591837,0.9549985062778155,1.1094886827265216
113,7,BNCI2014-008,3,0.0,18,0.9033302052122789,0.8354285714285714,0.9507390058278294,1.1042737852625917
114,7,BNCI2014-008,3,0.0,19,0.903446435637967,0.8326530612244898,0.9485162912868541,1.1015567629362288
115,7,BNCI2014-008,3,0.0,20,0.9065453106450336,0.8396734693877551,0.9460686249420047,1.0982611992745324
116,7,BNCI2014-008,3,0.0,21,0.9068112386228729,0.8372244897959183,0.9454906496699983,1.097689656280561
117,7,BNCI2014-008,3,0.0,22,0.907012945898581,0.8390204081632653,0.9448042778909916,1.0971066146628494
118,7,BNCI2014-008,3,0.0,23,0.9070396291480581,0.8447346938775511,0.9430259803374691,1.094455618694904
119,7,BNCI2014-008,3,0.0,24,0.9070979704901351,0.8445714285714285,0.9389185776602174,1.0898046672735824
120,7,BNCI2014-008,3,0.0,25,0.9074846514783198,0.8431020408163266,0.9374443279178607,1.0849201769747576
121,7,BNCI2014-008,3,0.0,26,0.9079834925660014,0.8450612244897959,0.9337024325471426,1.0808878999217257
122,7,BNCI2014-008,3,0.0,27,0.9082634405562778,0.8489795918367347,0.9303535467543022,1.0780266733917547
123,7,BNCI2014-008,3,0.0,28,0.9083905251851434,0.8496326530612245,0.9272934379940855,1.0741330947666476
124,7,BNCI2014-008,3,0.0,29,0.9083683645203233,0.8489795918367347,0.9225966885183843,1.070041628179794
125,7,BNCI2014-008,3,0.0,30,0.9083850980835547,0.8489795918367347,0.919257225341825,1.065382515155689
126,7,BNCI2014-008,3,0.0,31,0.9087351461360168,0.8484897959183674,0.9164093474228335,1.0625873231214489
127,7,BNCI2014-008,3,0.0,32,0.9087509751823166,0.8489795918367347,0.9141272337664641,1.0597165309900416
128,7,BNCI2014-008,4,0.0,1,0.8547146814404432,0.7885714285714286,0.9959208065108409,0.9232387236086745
129,7,BNCI2014-008,4,0.0,2,0.8746348578212448,0.809795918367347,0.9910444786162503,0.9199416903380396
130,7,BNCI2014-008,4,0.0,3,0.8930820283792187,0.838530612244898,0.9888876526323035,0.917152151327139
131,7,BNCI2014-008,4,0.0,4,0.8938002148227713,0.838857142857143,0.9878211713140891,0.9162748667209006
132,7,BNCI2014-008,4,0.0,5,0.8956354796766353,0.8336326530612245,0.9871418366066033,0.9160741254594446
133,7,BNCI2014-008,4,0.0,6,0.8985751597037707,0.8419591836734694,0.9865838649831925,0.9151823962376576
134,7,BNCI2014-008,4,0.0,7,0.8987176211204704,0.8409795918367348,0.9861395268640448,0.9144527939504044
135,7,BNCI2014-008,4,0.0,8,0.8988035502289557,0.8419591836734694,0.9832946746689389,0.9112824714793177
136,7,BNCI2014-008,4,0.0,9,0.9000780145853353,0.8346122448979593,0.9818011825548958,0.9082270389099314
137,7,BNCI2014-008,4,0.0,10,0.902834982192323,0.8388571428571429,0.9792650658496576,0.9065305386290696
138,7,BNCI2014-008,4,0.0,11,0.9033265871445533,0.8411428571428571,0.9789662371024802,0.9064207537497551
139,7,BNCI2014-008,4,0.0,12,0.903334727796936,0.8411428571428571,0.9784656792883463,0.9052925864334799
140,7,BNCI2014-008,4,0.0,13,0.9044522584657132,0.8406530612244898,0.9741992912441536,0.901663618090346
141,7,BNCI2014-008,4,0.0,14,0.9044671829950818,0.8403265306122449,0.9735813127243612,0.9007314341111616
142,7,BNCI2014-008,4,0.0,15,0.9045096952908588,0.8375510204081632,0.9726925625298156,0.9000537624251147
143,7,BNCI2014-008,4,0.0,16,0.9049230595285205,0.8403265306122448,0.9712326891634552,0.8988142745150955
144,7,BNCI2014-008,4,0.0,17,0.9049551698795861,0.84,0.9710857119023926,0.898426331677719
145,7,BNCI2014-008,4,0.0,18,0.9053911470405336,0.8396734693877551,0.9706896792319027,0.8984306168376134
146,7,BNCI2014-008,4,0.0,19,0.9054223528746678,0.8408163265306122,0.9706193922747621,0.8983652535658966
147,7,BNCI2014-008,4,0.0,20,0.9054408954717621,0.8408163265306122,0.9651212852306609,0.8950643471721655
148,7,BNCI2014-008,4,0.0,21,0.9057425518683928,0.8395102040816327,0.9629226452810654,0.8913409259427858
149,7,BNCI2014-008,4,0.0,22,0.9061785290293403,0.8401632653061224,0.9611659182671585,0.8892351437159328
150,7,BNCI2014-008,4,0.0,23,0.9061450619028775,0.8403265306122449,0.9603784497669826,0.8889940414864692
151,7,BNCI2014-008,4,0.0,24,0.9063906382497599,0.8370612244897959,0.9572249863630024,0.8871827115766703
152,7,BNCI2014-008,4,0.0,25,0.9063662162926114,0.8370612244897959,0.9555417766980988,0.8867251529406206
153,7,BNCI2014-008,4,0.0,26,0.9064602860534796,0.8372244897959183,0.9539142447016522,0.884638339906955
154,7,BNCI2014-008,4,0.0,27,0.9064887783368195,0.8365714285714285,0.9530414899242382,0.8833570330415624
155,7,BNCI2014-008,4,0.0,28,0.9064761150997797,0.8364081632653061,0.9501973398619286,0.8800234493254215
156,7,BNCI2014-008,4,0.0,29,0.906927921307027,0.8357551020408164,0.9484752892076839,0.8772649621798924
157,7,BNCI2014-008,4,0.0,30,0.9070857595115608,0.8362448979591837,0.9476505144639061,0.8758705510846768
158,7,BNCI2014-008,4,0.0,31,0.9071431963367065,0.8362448979591837,0.9464416063099109,0.8755236980091253
159,7,BNCI2014-008,4,0.0,32,0.9072300299621233,0.8367346938775511,0.945032282860832,0.8743236764627957
160,7,BNCI2014-008,5,0.0,1,0.8525574085589913,0.8297142857142857,0.9960664033283442,0.9794818205170533
161,7,BNCI2014-008,5,0.0,2,0.8747135507942789,0.827265306122449,0.9912181228014564,0.9761786884517519
162,7,BNCI2014-008,5,0.0,3,0.8915850528577082,0.8439183673469388,0.9889337210158017,0.9758126783469655
163,7,BNCI2014-008,5,0.0,4,0.8916325399966081,0.8478367346938775,0.9877304719984461,0.9749456733196341
164,7,BNCI2014-008,5,0.0,5,0.8939340833286222,0.8515918367346937,0.9871338696269655,0.9747933010138796
165,7,BNCI2014-008,5,0.0,6,0.8975702413929562,0.8515918367346939,0.9854238728537013,0.9742476764508811
166,7,BNCI2014-008,5,0.0,7,0.8977809938379784,0.8517551020408163,0.9848699668271963,0.9733656490260523
167,7,BNCI2014-008,5,0.0,8,0.8984919441460795,0.8515918367346939,0.9826000362520262,0.9736929780744026
168,7,BNCI2014-008,5,0.0,9,0.8985172706201594,0.8491428571428571,0.9792867824946843,0.9699026142312104
169,7,BNCI2014-008,5,0.0,10,0.9018237322629883,0.8468571428571429,0.9773251689310004,0.9668078971262638
170,7,BNCI2014-008,5,0.0,11,0.901852676804794,0.8462040816326529,0.9765362278201838,0.9665463029399438
171,7,BNCI2014-008,5,0.0,12,0.9022533778054159,0.8421224489795918,0.9755105909220011,0.9656577281196984
172,7,BNCI2014-008,5,0.0,13,0.903243371586862,0.8499591836734693,0.9745694668836116,0.9643988815901979
173,7,BNCI2014-008,5,0.0,14,0.9045585392051558,0.8470204081632653,0.9740406773831385,0.9647407324743525
174,7,BNCI2014-008,5,0.0,15,0.9051392390751314,0.8468571428571429,0.9739318820537479,0.9643964064058534
175,7,BNCI2014-008,5,0.0,16,0.9052328565775342,0.8471836734693877,0.9736187196030235,0.9643642809399755
176,7,BNCI2014-008,5,0.0,17,0.9057678783424727,0.8453877551020408,0.9731901300681315,0.9638903761513048
177,7,BNCI2014-008,5,0.0,18,0.9073227429475945,0.8452244897959182,0.9682767840767089,0.9591648744757844
178,7,BNCI2014-008,5,0.0,19,0.9073471649047431,0.8450612244897958,0.967523515112483,0.9584060998108506
179,7,BNCI2014-008,5,0.0,20,0.9073272655322516,0.8455510204081632,0.9668353373218396,0.9578088566431416
180,7,BNCI2014-008,5,0.0,21,0.9074344507886257,0.844734693877551,0.9636424529799253,0.9552370435192964
181,7,BNCI2014-008,5,0.0,22,0.9074168127084627,0.8448979591836735,0.961005968483124,0.9527323358760139
182,7,BNCI2014-008,5,0.0,23,0.9088513765617049,0.8486530612244898,0.9545912288441122,0.9470854384366382
183,7,BNCI2014-008,5,0.0,24,0.9088789643281135,0.8489795918367348,0.9526673425248324,0.944178794983113
184,7,BNCI2014-008,5,0.0,25,0.9089205721069591,0.8493061224489796,0.951440804867111,0.943172224641894
185,7,BNCI2014-008,5,0.0,26,0.9089074566114534,0.8491428571428572,0.9499192743416535,0.9422477254974325
186,7,BNCI2014-008,5,0.0,27,0.908974390864379,0.846204081632653,0.9479516612213577,0.9396049648414729
187,7,BNCI2014-008,5,0.0,28,0.9090245915540731,0.8478367346938775,0.9439090078410922,0.9354289191690318
188,7,BNCI2014-008,5,0.0,29,0.909013737350896,0.8481632653061225,0.9410029377897409,0.9341806674262214
189,7,BNCI2014-008,5,0.0,30,0.9093574537848381,0.8475102040816326,0.940126548603855,0.9331059492147298
190,7,BNCI2014-008,5,0.0,31,0.9094013228560123,0.8480000000000001,0.9335481579630349,0.9195026670275407
191,7,BNCI2014-008,5,0.0,32,0.9094981061676749,0.8481632653061224,0.9170220110488639,0.9006799837461421
192,7,BNCI2014-008,6,0.0,1,0.8492857708180227,0.889795918367347,0.9960984373475613,1.0094670625772508
193,7,BNCI2014-008,6,0.0,2,0.870956187461134,0.9022040816326531,0.9914409919177684,1.0038954347975282
194,7,BNCI2014-008,6,0.0,3,0.8895960201255018,0.9141224489795918,0.9889762299599401,1.0014945755544942
195,7,BNCI2014-008,6,0.0,4,0.8896552659845102,0.916734693877551,0.987720203105732,1.000363231259774
196,7,BNCI2014-008,6,0.0,5,0.8911477189213636,0.9160816326530612,0.9871430870966744,1.0001656073363017
197,7,BNCI2014-008,6,0.0,6,0.8931372039120358,0.9131428571428571,0.9855838560706435,0.9996105899656907
198,7,BNCI2014-008,6,0.0,7,0.8931797162078129,0.9128163265306122,0.9833372067186158,0.9981111542853993
199,7,BNCI2014-008,6,0.0,8,0.8955509073435468,0.9162448979591837,0.9817189038539258,0.996925482384704
200,7,BNCI2014-008,6,0.0,9,0.895478093730567,0.9186938775510203,0.980999801579677,0.9965838969057245
201,7,BNCI2014-008,6,0.0,10,0.8979600881904009,0.9206530612244899,0.9805818535209231,0.996773314788229
202,7,BNCI2014-008,6,0.0,11,0.8982490813499914,0.9208163265306122,0.9803335914212021,0.9964411722992841
203,7,BNCI2014-008,6,0.0,12,0.8982287297190346,0.9208163265306122,0.9787506524114871,0.994620359572005
204,7,BNCI2014-008,6,0.0,13,0.899943241562553,0.9217959183673469,0.97745762229141,0.993213831236915
205,7,BNCI2014-008,6,0.0,14,0.9000866074961841,0.9216326530612245,0.9756932651189251,0.9916506107657398
206,7,BNCI2014-008,6,0.0,15,0.900733337102154,0.9198367346938776,0.9723454888849995,0.9863057385102437
207,7,BNCI2014-008,6,0.0,16,0.9007514274407824,0.9198367346938776,0.9717958639468133,0.9860844254622757
208,7,BNCI2014-008,6,0.0,17,0.9008319294476793,0.9196734693877551,0.9717071314032545,0.9859467648383258
209,7,BNCI2014-008,6,0.0,18,0.9010557973882074,0.9172244897959184,0.9665952056962743,0.9814050880514112
210,7,BNCI2014-008,6,0.0,19,0.901281926621064,0.9193469387755102,0.9643060035008908,0.9785079611938529
211,7,BNCI2014-008,6,0.0,20,0.9012728814517496,0.9186938775510205,0.9615102242547128,0.9726842566144352
212,7,BNCI2014-008,6,0.0,21,0.9014664480750749,0.9199999999999999,0.960235637392099,0.9717495667420708
213,7,BNCI2014-008,6,0.0,22,0.9014614732319521,0.9203265306122449,0.9590110703811986,0.9708829144220259
214,7,BNCI2014-008,6,0.0,23,0.9013420769970039,0.9201632653061225,0.9549536231536608,0.9670904316804473
215,7,BNCI2014-008,6,0.0,24,0.9011426310136242,0.9195102040816328,0.9495629400854919,0.9616241344140838
216,7,BNCI2014-008,6,0.0,25,0.9021213183334276,0.9213061224489796,0.9473601658233144,0.9581155019337916
217,7,BNCI2014-008,6,0.0,26,0.9021366951212617,0.9224489795918367,0.944415609383591,0.9566327611868273
218,7,BNCI2014-008,6,0.0,27,0.9022275990728701,0.9224489795918368,0.9432193823527112,0.9552348455724093
219,7,BNCI2014-008,6,0.0,28,0.9023519701509413,0.9209795918367347,0.9391802110194345,0.950087461300011
220,7,BNCI2014-008,6,0.0,29,0.9024722709028209,0.9195102040816326,0.9350656591280606,0.9453680079836915
221,7,BNCI2014-008,6,0.0,30,0.9024713663858895,0.9195102040816325,0.9308025075139089,0.9418021450441524
222,7,BNCI2014-008,6,0.0,31,0.9025654361467578,0.9195102040816326,0.9295213947137553,0.9406293609802974
223,7,BNCI2014-008,6,0.0,32,0.9025853355192494,0.9193469387755102,0.9284089206509296,0.9396472543182861
224,7,BNCI2014-008,7,0.0,1,0.8503119452767256,0.8648163265306122,0.9961686865199215,0.9855571727882756
225,7,BNCI2014-008,7,0.0,2,0.8709851320029397,0.9048163265306122,0.9911913818577006,0.9830354220790734
226,7,BNCI2014-008,7,0.0,3,0.8889226072700549,0.9110204081632653,0.9885751458720485,0.9811891335063567
227,7,BNCI2014-008,7,0.0,4,0.8893061224489797,0.9110204081632652,0.9874071449397492,0.9803682375608437
228,7,BNCI2014-008,7,0.0,5,0.89035898015716,0.9098775510204081,0.9868067518266785,0.9793326190177141
229,7,BNCI2014-008,7,0.0,6,0.8938205664537283,0.9051428571428572,0.9850582774628024,0.9779941832263064
230,7,BNCI2014-008,7,0.0,7,0.8938015715981684,0.9056326530612245,0.9842150836711879,0.9767172038349614
231,7,BNCI2014-008,7,0.0,8,0.8937776018994855,0.9056326530612245,0.9805668155331477,0.9733305213675617
232,7,BNCI2014-008,7,0.0,9,0.898691390129459,0.8955102040816327,0.978814904132281,0.9710806582229441
233,7,BNCI2014-008,7,0.0,10,0.8987103849850189,0.8946938775510204,0.977959952560721,0.9697705055904355
234,7,BNCI2014-008,7,0.0,11,0.8987651082593702,0.8951836734693878,0.9772918257508184,0.9698903413606641
235,7,BNCI2014-008,7,0.0,12,0.9021041325117305,0.8986122448979592,0.9746443400633124,0.9665603461156135
236,7,BNCI2014-008,7,0.0,13,0.9038543727740403,0.9079183673469388,0.9728774781105196,0.9659178261281718
237,7,BNCI2014-008,7,0.0,14,0.9052224546328226,0.9056326530612245,0.9715407587388633,0.9656503695595989
238,7,BNCI2014-008,7,0.0,15,0.9054852168014021,0.9074285714285715,0.9685652605959005,0.9620124533881039
239,7,BNCI2014-008,7,0.0,16,0.9055462716942733,0.9074285714285715,0.9682037720014258,0.9615896927476592
240,7,BNCI2014-008,7,0.0,17,0.9059071739499125,0.9097142857142857,0.9674140553417706,0.9607910867483183
241,7,BNCI2014-008,7,0.0,18,0.9061274238227147,0.9097142857142858,0.966477694004604,0.9605805435102169
242,7,BNCI2014-008,7,0.0,19,0.9061803380632033,0.9103673469387755,0.9650075749209057,0.9584773737541796
243,7,BNCI2014-008,7,0.0,20,0.9062929504211656,0.9106938775510204,0.9621927588756969,0.9551500660315823
244,7,BNCI2014-008,7,0.0,21,0.9062427497314716,0.9097142857142857,0.9518079132179097,0.9459942339222909
245,7,BNCI2014-008,7,0.0,22,0.9062445587653345,0.9095510204081633,0.9507309140796791,0.9444680649346866
246,7,BNCI2014-008,7,0.0,23,0.9062436542484029,0.9098775510204081,0.9502494477731794,0.9447171945913828
247,7,BNCI2014-008,7,0.0,24,0.9063919950251569,0.9067755102040816,0.949594155920286,0.9430179228665917
248,7,BNCI2014-008,7,0.0,25,0.9064905873706823,0.9066122448979591,0.9489669914316828,0.9417180857890052
249,7,BNCI2014-008,7,0.0,26,0.9065109390016395,0.9061224489795918,0.9472474967042329,0.9411500676033112
250,7,BNCI2014-008,7,0.0,27,0.9069609361750239,0.9080816326530612,0.9420683726192546,0.9383721296487133
251,7,BNCI2014-008,7,0.0,28,0.9071680705523207,0.9097142857142857,0.940159246765661,0.9367429164027536
252,7,BNCI2014-008,7,0.0,29,0.9072164622081519,0.9108571428571428,0.9371544735797674,0.9357765271470162
253,7,BNCI2014-008,7,0.0,30,0.9071983718695236,0.9115102040816326,0.934395063599932,0.9326153046545753
254,7,BNCI2014-008,7,0.0,31,0.9070409859234553,0.9098775510204081,0.9321778529684732,0.9281261345175668
255,7,BNCI2014-008,7,0.0,32,0.9069925942676239,0.9092244897959184,0.93095148804636,0.9265494710602633
256,7,BNCI2014-008,8,0.0,1,0.8512268641528635,0.8419591836734693,0.996217381105596,0.988244760041678
257,7,BNCI2014-008,8,0.0,2,0.8723256260953135,0.8662857142857143,0.9914665630879496,0.9827620890100456
258,7,BNCI2014-008,8,0.0,3,0.8899419978517723,0.8938775510204081,0.9891988858629296,0.9809533261416412
259,7,BNCI2014-008,8,0.0,4,0.8902400361806773,0.8955102040816326,0.9878613024181333,0.9773110860048448
260,7,BNCI2014-008,8,0.0,5,0.8907004352987733,0.8942040816326531,0.9862389788736883,0.9762956369297981
261,7,BNCI2014-008,8,0.0,6,0.892551981457403,0.8946938775510205,0.9852205724299181,0.9763075025066281
262,7,BNCI2014-008,8,0.0,7,0.8926247950703827,0.8946938775510204,0.985079495317673,0.9761971250037955
263,7,BNCI2014-008,8,0.0,8,0.8970664254621515,0.8870204081632652,0.9842033521331275,0.97606398975482
264,7,BNCI2014-008,8,0.0,9,0.8970863248346429,0.8868571428571428,0.98405705105542,0.9760023382987382
265,7,BNCI2014-008,8,0.0,10,0.9000635423144325,0.8871836734693878,0.9836512376296979,0.9754770194047938
266,7,BNCI2014-008,8,0.0,11,0.9017169992650801,0.8907755102040816,0.9750397845038019,0.9677393170331708
267,7,BNCI2014-008,8,0.0,12,0.9062038555034202,0.8871836734693876,0.9653451582178161,0.9616239899307791
268,7,BNCI2014-008,8,0.0,13,0.906186669681723,0.8868571428571428,0.9645143569748016,0.9605822888298081
269,7,BNCI2014-008,8,0.0,14,0.9061577251399173,0.8871836734693879,0.9633941209477426,0.9588079128045638
270,7,BNCI2014-008,8,0.0,15,0.9064548589518909,0.8871836734693878,0.9624308272886921,0.957031731176134
271,7,BNCI2014-008,8,0.0,16,0.9065376222511164,0.8868571428571429,0.9584942110662158,0.9510773325501088
272,7,BNCI2014-008,8,0.0,17,0.9065728984114421,0.8868571428571428,0.9457330837873943,0.939125152553834
273,7,BNCI2014-008,8,0.0,18,0.9070102323477867,0.8868571428571428,0.9443317964758239,0.9359338581162339
274,7,BNCI2014-008,8,0.0,19,0.9070418904403866,0.8870204081632653,0.9405760708861836,0.9350128271159686
275,7,BNCI2014-008,8,0.0,20,0.9069944033014867,0.8870204081632653,0.9327049936061884,0.9251680857154472
276,7,BNCI2014-008,8,0.0,21,0.9077433433207078,0.8858775510204082,0.9318974365585128,0.9243376556626222
277,7,BNCI2014-008,8,0.0,22,0.9077750014133078,0.8860408163265305,0.9243335793928482,0.9159774372199545
278,7,BNCI2014-008,8,0.0,23,0.9076768613262479,0.884734693877551,0.9170376852922575,0.9072207697310255
279,7,BNCI2014-008,8,0.0,24,0.907754197523885,0.8853877551020407,0.9133341272833081,0.9024464722438299
280,7,BNCI2014-008,8,0.0,25,0.9079242467069931,0.8865306122448978,0.9116168420934608,0.9001248072474911
281,7,BNCI2014-008,8,0.0,26,0.9103994572898412,0.8845714285714286,0.9108574724694827,0.8990971836021208
282,7,BNCI2014-008,8,0.0,27,0.9103700604895699,0.8852244897959183,0.9045204494480997,0.8915026488107691
283,7,BNCI2014-008,8,0.0,28,0.9103465430493527,0.8850612244897959,0.8938104605192764,0.8813041802955641
284,7,BNCI2014-008,8,0.0,29,0.9103632766125842,0.8850612244897959,0.8897853131023382,0.8727646629101102
285,7,BNCI2014-008,8,0.0,30,0.9103564927355983,0.8847346938775509,0.8892180863130125,0.8715957366683813
286,7,BNCI2014-008,8,0.0,31,0.9103071965628357,0.8855510204081632,0.8884242273153756,0.8713968173286563
287,7,BNCI2014-008,8,0.0,32,0.91028141783029,0.8847346938775511,0.8826972653591135,0.8666132421385934
288,7,BNCI2014-008,9,0.0,1,0.8512227938266719,0.856,0.9958462538332239,1.0226483574968417
289,7,BNCI2014-008,9,0.0,2,0.871791961105772,0.8884897959183674,0.9911733639744515,1.0181114270319698
290,7,BNCI2014-008,9,0.0,3,0.891479676635197,0.8873469387755103,0.988732373672559,1.0167125701900424
291,7,BNCI2014-008,9,0.0,4,0.8918138956413589,0.8834285714285715,0.9873915066472067,1.0171959163706379
292,7,BNCI2014-008,9,0.0,5,0.8931706710384986,0.882938775510204,0.9869057161732917,1.0166793779632795
293,7,BNCI2014-008,9,0.0,6,0.8968108994290237,0.8755918367346939,0.9863706322992792,1.0166594433648644
294,7,BNCI2014-008,9,0.0,7,0.8976774266493301,0.8697142857142858,0.9850531589035217,1.0155231990729767
295,7,BNCI2014-008,9,0.0,8,0.8977402905760641,0.870530612244898,0.9818572048011568,1.0113458413610896
296,7,BNCI2014-008,9,0.0,9,0.8976281304765674,0.8708571428571429,0.981273572047279,1.0112554203631297
297,7,BNCI2014-008,9,0.0,10,0.9006067047317541,0.8695510204081632,0.980150741581199,1.0106039429285079
298,7,BNCI2014-008,9,0.0,11,0.9008093165243937,0.8711836734693877,0.9764442952564976,1.0084563805083535
299,7,BNCI2014-008,9,0.0,12,0.9008984114421391,0.8711836734693877,0.9747763679434318,1.0087673033247653
300,7,BNCI2014-008,9,0.0,13,0.9035242240940697,0.8715102040816326,0.9710232907481247,1.0065014385192803
301,7,BNCI2014-008,9,0.0,14,0.9037643733393634,0.8711836734693877,0.9701647479273379,1.0054708075222774
302,7,BNCI2014-008,9,0.0,15,0.903831307592289,0.8715102040816326,0.9694335634420523,1.0048759572804005
303,7,BNCI2014-008,9,0.0,16,0.9039647238396744,0.8734693877551021,0.9643804739037839,0.9961374660895643
304,7,BNCI2014-008,9,0.0,17,0.9043613545141048,0.8728163265306123,0.9628247974429028,0.9929292400773164
305,7,BNCI2014-008,9,0.0,18,0.9045580869466902,0.8715102040816326,0.9624776464075233,0.992626849223543
306,7,BNCI2014-008,9,0.0,19,0.906316015602917,0.877061224489796,0.9616492569559563,0.9922134865795748
307,7,BNCI2014-008,9,0.0,20,0.9072241506020691,0.8739591836734694,0.9578756231526842,0.9870998146950981
308,7,BNCI2014-008,9,0.0,21,0.9072521906269433,0.8742857142857143,0.957667518661797,0.9867261919512589
309,7,BNCI2014-008,9,0.0,22,0.9082439934422523,0.876734693877551,0.9510131618466846,0.9821505776473967
310,7,BNCI2014-008,9,0.0,23,0.9088848436881678,0.8775510204081632,0.9463347808686655,0.976751558808015
311,7,BNCI2014-008,9,0.0,24,0.9088807733619764,0.8775510204081632,0.9418330183313712,0.9729371907949689
312,7,BNCI2014-008,9,0.0,25,0.9088816778789078,0.8775510204081632,0.941102701018555,0.9733072944872962
313,7,BNCI2014-008,9,0.0,26,0.9090630335236587,0.876734693877551,0.9400559720886806,0.9725762328653454
314,7,BNCI2014-008,9,0.0,27,0.9090684606252473,0.876408163265306,0.9374543458723659,0.9704813383497836
315,7,BNCI2014-008,9,0.0,28,0.9090806716038217,0.8762448979591837,0.9357242948041895,0.9699057572639668
316,7,BNCI2014-008,9,0.0,29,0.9089291650178076,0.8744489795918367,0.9325599344458811,0.9666798862524029
317,7,BNCI2014-008,9,0.0,30,0.9089391147040532,0.8746122448979591,0.9300146075989436,0.9654840006633235
318,7,BNCI2014-008,9,0.0,31,0.9089250946916161,0.8751020408163266,0.9240308645784147,0.9598330729052119
319,7,BNCI2014-008,9,0.0,32,0.9094519758041721,0.8778775510204081,0.9220308773507,0.9581399640028022
320,7,BNCI2014-008,10,0.0,1,0.8516320877381423,0.8324897959183674,0.9961073338398206,0.9606881460010022
321,7,BNCI2014-008,10,0.0,2,0.8735449149188761,0.886204081632653,0.9914441223669493,0.9571561730018666
322,7,BNCI2014-008,10,0.0,3,0.8919106789530217,0.8698775510204082,0.9888067999822343,0.9540627323576216
323,7,BNCI2014-008,10,0.0,4,0.8920703261914185,0.8739591836734694,0.9877406953401732,0.9542010493944116
324,7,BNCI2014-008,10,0.0,5,0.8920409293911471,0.8737959183673468,0.9857302448969826,0.9520868865277422
325,7,BNCI2014-008,10,0.0,6,0.8921508281983153,0.8739591836734694,0.9786650008272509,0.944084848778353
326,7,BNCI2014-008,10,0.0,7,0.8942551868392786,0.8782040816326531,0.9769680527527037,0.9435574797675493
327,7,BNCI2014-008,10,0.0,8,0.8943804624342813,0.8795102040816326,0.9766592006405946,0.9432014341978826
328,7,BNCI2014-008,10,0.0,9,0.8944546328226581,0.8795102040816326,0.973134403987096,0.9401800657111261
329,7,BNCI2014-008,10,0.0,10,0.8953573407202218,0.8840816326530612,0.9682080086562224,0.9367732607884497
330,7,BNCI2014-008,10,0.0,11,0.8954043756006557,0.8852244897959184,0.9648611150252202,0.9325533834012504
331,7,BNCI2014-008,10,0.0,12,0.8954609079088698,0.8848979591836734,0.9617192583919748,0.9305691431593676
332,7,BNCI2014-008,10,0.0,13,0.8955649273559838,0.8848979591836734,0.9613285925425272,0.9294431705962801
333,7,BNCI2014-008,10,0.0,14,0.8986108881225621,0.8705306122448979,0.9593603703469096,0.9274362957444766
334,7,BNCI2014-008,10,0.0,15,0.9005528859743344,0.8728163265306123,0.9584275218954796,0.9272831487463292
335,7,BNCI2014-008,10,0.0,16,0.9008129345921193,0.8724897959183673,0.9583497327619185,0.9271559124939188
336,7,BNCI2014-008,10,0.0,17,0.9018730284357511,0.8746122448979592,0.9554024957520006,0.9231146787438604
337,7,BNCI2014-008,10,0.0,18,0.9020665950590763,0.8747755102040815,0.9504833707254665,0.9180268915683577
338,7,BNCI2014-008,10,0.0,19,0.902702470461869,0.8733061224489796,0.9472423817825809,0.9139822999799874
339,7,BNCI2014-008,10,0.0,20,0.9027056362711291,0.8731428571428571,0.9452960438749203,0.9119388252873448
340,7,BNCI2014-008,10,0.0,21,0.9027490530838375,0.8736326530612245,0.9439958621439588,0.9107166550376388
341,7,BNCI2014-008,10,0.0,22,0.9028584996325398,0.8736326530612245,0.9388708023450171,0.9062602919254412
342,7,BNCI2014-008,10,0.0,23,0.9028209621798857,0.8746122448979592,0.9317731495277042,0.8988110365247985
343,7,BNCI2014-008,10,0.0,24,0.902697495618746,0.8751020408163266,0.9293201476742107,0.8968100342466002
344,7,BNCI2014-008,10,0.0,25,0.9028951325682628,0.8741224489795918,0.9277286761039855,0.8949991927589467
345,7,BNCI2014-008,10,0.0,26,0.9030348804341681,0.8736326530612245,0.9236454190942791,0.8901820004736292
346,7,BNCI2014-008,10,0.0,27,0.903351913618633,0.8726530612244898,0.9181780092726247,0.8847434731068002
347,7,BNCI2014-008,10,0.0,28,0.903757137203912,0.8737959183673469,0.9137113593289505,0.8793479327015702
348,7,BNCI2014-008,10,0.0,29,0.9040990446039913,0.8710204081632653,0.911607666365242,0.8783117867684813
349,7,BNCI2014-008,10,0.0,30,0.904081858782294,0.8706938775510203,0.9108958211367059,0.877079956502358
350,7,BNCI2014-008,10,0.0,31,0.9042424105376222,0.8700408163265305,0.908066799905146,0.8736213084226547
351,7,BNCI2014-008,10,0.0,32,0.904419243597716,0.8695510204081633,0.9046511478223452,0.8707843446051969
352,7,BNCI2014-008,11,0.0,1,0.8524095200407031,0.8316734693877551,0.99603450596657,1.0281159626219118
353,7,BNCI2014-008,11,0.0,2,0.874062298603652,0.8393469387755101,0.9914059428417369,1.0238815128816459
354,7,BNCI2014-008,11,0.0,3,0.8931150432472158,0.8414693877551019,0.9890284669195957,1.0222097451330037
355,7,BNCI2014-008,11,0.0,4,0.8937757928656226,0.8364081632653062,0.987912617501961,1.0211200516811354
356,7,BNCI2014-008,11,0.0,5,0.8943415682062299,0.8313469387755102,0.9865762364699321,1.0210791823931582
357,7,BNCI2014-008,11,0.0,6,0.8969103962914805,0.8153469387755102,0.9860134929497575,1.0205690400041905
358,7,BNCI2014-008,11,0.0,7,0.8968791904573464,0.8153469387755102,0.9858696772554811,1.0204489915988413
359,7,BNCI2014-008,11,0.0,8,0.9003471083724348,0.8140408163265306,0.9849856124844625,1.0199582135917116
360,7,BNCI2014-008,11,0.0,9,0.9043220080275878,0.8164897959183673,0.9838131150540419,1.0179165794986227
361,7,BNCI2014-008,11,0.0,10,0.9043654248402963,0.8153469387755102,0.9832748744129143,1.017509202862152
362,7,BNCI2014-008,11,0.0,11,0.9044124597207304,0.8161632653061225,0.9826820513478943,1.0170839944630723
363,7,BNCI2014-008,11,0.0,12,0.9070889253208209,0.8093061224489796,0.9802882096287399,1.0162354071460948
364,7,BNCI2014-008,11,0.0,13,0.9090553451297416,0.8032653061224488,0.9715283487255595,1.0110894685330778
365,7,BNCI2014-008,11,0.0,14,0.9106355362089434,0.8045714285714286,0.9698044652918096,1.0094912431849972
366,7,BNCI2014-008,11,0.0,15,0.9107626208378088,0.8035918367346939,0.9686949561668179,1.0079621296475663
367,7,BNCI2014-008,11,0.0,16,0.9110172423540053,0.8039183673469388,0.9681768480434977,1.0080773813053578
368,7,BNCI2014-008,11,0.0,17,0.9109986997569112,0.8034285714285714,0.9666867974461292,1.007072374826637
369,7,BNCI2014-008,11,0.0,18,0.9108530725309515,0.8035918367346939,0.9635115327757363,1.0035806966791085
370,7,BNCI2014-008,11,0.0,19,0.9114034710837244,0.8057142857142857,0.962339844574851,1.0043995489103932
371,7,BNCI2014-008,11,0.0,20,0.9115685454237097,0.8076734693877551,0.9616324139761342,1.0051807769700492
372,7,BNCI2014-008,11,0.0,21,0.9119235683192944,0.8076734693877551,0.957729953068744,1.0021330497037348
373,7,BNCI2014-008,11,0.0,22,0.9119167844423086,0.8076734693877551,0.9524377779512503,0.9963583221843397
374,7,BNCI2014-008,11,0.0,23,0.9117856294872518,0.8076734693877551,0.946971222139045,0.9897702257852888
375,7,BNCI2014-008,11,0.0,24,0.9118616089094917,0.8101224489795918,0.9435402636927701,0.9869710615207932
376,7,BNCI2014-008,11,0.0,25,0.911859799875629,0.8096326530612244,0.9420612111022898,0.9848132612617391
377,7,BNCI2014-008,11,0.0,26,0.9118548250325061,0.8096326530612246,0.9398540157146751,0.983020572770829
378,7,BNCI2014-008,11,0.0,27,0.9118389959862062,0.8102857142857143,0.9394271963851611,0.9829149565361329
379,7,BNCI2014-008,11,0.0,28,0.9118457798631918,0.8101224489795918,0.9360903194004228,0.9809999032960068
380,7,BNCI2014-008,11,0.0,29,0.9118394482446717,0.8102857142857143,0.9358672113854799,0.9811072682755889
381,7,BNCI2014-008,11,0.0,30,0.9118724631126689,0.8102857142857143,0.9357144184978953,0.9809917000601713
382,7,BNCI2014-008,11,0.0,31,0.912118491718017,0.8078367346938775,0.9353460076024858,0.9810926798477467
383,7,BNCI2014-008,11,0.0,32,0.9121252755950027,0.8081632653061225,0.9345990600262629,0.9807290343771692
384,7,BNCI2014-008,12,0.0,1,0.8522598224885523,0.84,0.9959179586009651,1.04366030411293
385,7,BNCI2014-008,12,0.0,2,0.872958787947312,0.8515918367346937,0.9912416288177955,1.0378399356002257
386,7,BNCI2014-008,12,0.0,3,0.8908388263892815,0.8863673469387756,0.9887644823358536,1.03487836804063
387,7,BNCI2014-008,12,0.0,4,0.891002091695404,0.8891428571428571,0.9875982523742158,1.0334369449132974
388,7,BNCI2014-008,12,0.0,5,0.8936061959409805,0.8888163265306122,0.9869606027788663,1.0335623170658692
389,7,BNCI2014-008,12,0.0,6,0.8970908474193002,0.8813061224489795,0.9855403974923198,1.0334773356248501
390,7,BNCI2014-008,12,0.0,7,0.897435016111708,0.8788571428571429,0.9850079666757623,1.0328677233289645
391,7,BNCI2014-008,12,0.0,8,0.8974368251455708,0.8809795918367346,0.982161449240975,1.0296201265735365
392,7,BNCI2014-008,12,0.0,9,0.8973893380066709,0.8803265306122449,0.9814467373458726,1.028385339838557
393,7,BNCI2014-008,12,0.0,10,0.9010576064220703,0.8821224489795919,0.9809908052290515,1.028321960396543
394,7,BNCI2014-008,12,0.0,11,0.9022194584204872,0.8848979591836734,0.9784501842063266,1.0276964521044245
395,7,BNCI2014-008,12,0.0,12,0.9026671943015434,0.8842448979591836,0.9771196274337387,1.027294744660459
396,7,BNCI2014-008,12,0.0,13,0.9026753349539263,0.8842448979591836,0.9765943226408275,1.027292577288723
397,7,BNCI2014-008,12,0.0,14,0.9041876872632709,0.8803265306122449,0.9722672392632239,1.022251716997079
398,7,BNCI2014-008,12,0.0,15,0.9045038159308045,0.8814693877551021,0.9720818871457304,1.0219419672141439
399,7,BNCI2014-008,12,0.0,16,0.9048556730171292,0.8814693877551021,0.9697139328694767,1.0182561144158424
400,7,BNCI2014-008,12,0.0,17,0.9049615014981062,0.8809795918367348,0.9682563007424783,1.0165591101818146
401,7,BNCI2014-008,12,0.0,18,0.9054476793487478,0.8795102040816326,0.9656425243626128,1.011875837880251
402,7,BNCI2014-008,12,0.0,19,0.9054734580812935,0.8801632653061225,0.9649855906069065,1.0110390690694073
403,7,BNCI2014-008,12,0.0,20,0.9054671264627734,0.8801632653061224,0.9601025645854906,1.0076740338432306
404,7,BNCI2014-008,12,0.0,21,0.9055883317315846,0.8814693877551021,0.9583096970560069,1.006022051042218
405,7,BNCI2014-008,12,0.0,22,0.9063006388150828,0.8811428571428571,0.956661914251596,1.0051818436774558
406,7,BNCI2014-008,12,0.0,23,0.9062983775227542,0.8806530612244897,0.9559465337843076,1.003894273801826
407,7,BNCI2014-008,12,0.0,24,0.9056502911413874,0.8786938775510205,0.9510041591645286,0.9973895548120604
408,7,BNCI2014-008,12,0.0,25,0.9062432019899371,0.8790204081632653,0.9505071680949929,0.996981604867142
409,7,BNCI2014-008,12,0.0,26,0.9061771722539431,0.8795102040816326,0.9489857574105779,0.9951700953607103
410,7,BNCI2014-008,12,0.0,27,0.9062097348634746,0.8796734693877551,0.9479518311985885,0.9952405350561204
411,7,BNCI2014-008,12,0.0,28,0.9066022952117135,0.8814693877551021,0.9453118964059083,0.9937111185731161
412,7,BNCI2014-008,12,0.0,29,0.9066484255752162,0.8816326530612244,0.9447057176747558,0.9943681106647708
413,7,BNCI2014-008,12,0.0,30,0.9067705353609588,0.8809795918367347,0.9438878067931618,0.9939987161834326
414,7,BNCI2014-008,12,0.0,31,0.90682525863531,0.8826122448979592,0.9432668164141232,0.9923531985281856
415,7,BNCI2014-008,12,0.0,32,0.9068673186726215,0.8822857142857143,0.9412057154970878,0.9914297585790934
416,7,BNCI2014-008,13,0.0,1,0.8512408841653005,0.8524081632653062,0.9962049220302179,0.9701422547272224
417,7,BNCI2014-008,13,0.0,2,0.8718050766012775,0.8884897959183673,0.9915276345061815,0.964792231421931
418,7,BNCI2014-008,13,0.0,3,0.8908650573802929,0.8782040816326531,0.9890953086797247,0.963255375224466
419,7,BNCI2014-008,13,0.0,4,0.8913951043021088,0.8729795918367347,0.9878686805562172,0.9621748970730808
420,7,BNCI2014-008,13,0.0,5,0.8926501215444628,0.8819591836734694,0.9872056396484152,0.9615990330656704
421,7,BNCI2014-008,13,0.0,6,0.8974825032506077,0.8646530612244897,0.9864573077211047,0.9610435839443301
422,7,BNCI2014-008,13,0.0,7,0.8975792865622704,0.8651428571428571,0.9859529612511734,0.9611267128753871
423,7,BNCI2014-008,13,0.0,8,0.8975598394482445,0.8649795918367347,0.9836970328135027,0.95921231936557
424,7,BNCI2014-008,13,0.0,9,0.8973558708802081,0.8636734693877551,0.9829301451863113,0.9589534823642629
425,7,BNCI2014-008,13,0.0,10,0.8978461190570413,0.8649795918367347,0.9822152038976499,0.9590536749517272
426,7,BNCI2014-008,13,0.0,11,0.8996949516648765,0.864,0.981606599170811,0.9584282155287549
427,7,BNCI2014-008,13,0.0,12,0.8996623890553451,0.8638367346938777,0.9809636347207494,0.9579237919291349
428,7,BNCI2014-008,13,0.0,13,0.8997134942619707,0.8636734693877551,0.9806129171805685,0.9574565824832513
429,7,BNCI2014-008,13,0.0,14,0.9024356379670981,0.8679183673469388,0.9791889958899961,0.9555128885556986
430,7,BNCI2014-008,13,0.0,15,0.9055688846175589,0.8713469387755102,0.977898038663584,0.9540767161101821
431,7,BNCI2014-008,13,0.0,16,0.9059700378766465,0.8754285714285714,0.9766636629165266,0.9520046357304407
432,7,BNCI2014-008,13,0.0,17,0.9064336028040024,0.8764081632653061,0.976010735279814,0.9518701427891664
433,7,BNCI2014-008,13,0.0,18,0.9066054610209734,0.8772244897959183,0.9743143525374086,0.9511733528490194
434,7,BNCI2014-008,13,0.0,19,0.9068483238170615,0.8734693877551021,0.9676312258103621,0.9457662258192038
435,7,BNCI2014-008,13,0.0,20,0.9071630957091977,0.872326530612245,0.9663704569507316,0.9442945408449389
436,7,BNCI2014-008,13,0.0,21,0.9072182712420148,0.8724897959183673,0.9656410296404786,0.9435493272101475
437,7,BNCI2014-008,13,0.0,22,0.9074692746904856,0.8736326530612245,0.963866323224542,0.9415294232637716
438,7,BNCI2014-008,13,0.0,23,0.9074335462716943,0.8737959183673469,0.9589056719391568,0.9395288271795043
439,7,BNCI2014-008,13,0.0,24,0.9073562100740573,0.8746122448979592,0.9581997675866473,0.9394858812937918
440,7,BNCI2014-008,13,0.0,25,0.9078437447000961,0.8751020408163265,0.9569994634557241,0.9384460414175956
441,7,BNCI2014-008,13,0.0,26,0.9079816835321387,0.8760816326530613,0.9559036628792653,0.9376905851491698
442,7,BNCI2014-008,13,0.0,27,0.9080223867940528,0.8752653061224489,0.9553960419633688,0.9374443948251759
443,7,BNCI2014-008,13,0.0,28,0.9081114817117982,0.8759183673469388,0.9543554746286458,0.9356339325415876
444,7,BNCI2014-008,13,0.0,29,0.9080888687885127,0.8754285714285714,0.9526497183035019,0.9330069745893648
445,7,BNCI2014-008,13,0.0,30,0.908146757872124,0.875265306122449,0.9517045356356503,0.933099053963962
446,7,BNCI2014-008,13,0.0,31,0.9082394708575953,0.8760816326530612,0.9502136352045097,0.9327555136096934
447,7,BNCI2014-008,13,0.0,32,0.9082001243710781,0.8765714285714286,0.9488602737221119,0.9322470893038522
448,7,BNCI2014-008,14,0.0,1,0.8524072587483746,0.830530612244898,0.9960816000748912,1.0007853042879105
449,7,BNCI2014-008,14,0.0,2,0.8750803324099723,0.8171428571428572,0.9913707520865306,0.9972384860939325
450,7,BNCI2014-008,14,0.0,3,0.8935256939340833,0.8215510204081632,0.9890113664312337,0.9950548908570782
451,7,BNCI2014-008,14,0.0,4,0.8939218723500483,0.8256326530612246,0.9877313729360085,0.9941962590564011
452,7,BNCI2014-008,14,0.0,5,0.8952071909096048,0.8292244897959185,0.9868995803329885,0.9929024091383742
453,7,BNCI2014-008,14,0.0,6,0.8988614393125672,0.833469387755102,0.9859010483133589,0.9927442228884805
454,7,BNCI2014-008,14,0.0,7,0.9019585052857708,0.833469387755102,0.9828551576808102,0.9894889204876827
455,7,BNCI2014-008,14,0.0,8,0.9031673921646222,0.8416326530612245,0.981901830956013,0.9884595728275277
456,7,BNCI2014-008,14,0.0,9,0.903157894736842,0.8416326530612244,0.9803252985711427,0.9853679158589166
457,7,BNCI2014-008,14,0.0,10,0.9063625982248854,0.8357551020408164,0.9795603077454417,0.9860051677900681
458,7,BNCI2014-008,14,0.0,11,0.9063684775849397,0.835265306122449,0.9789403102683014,0.9855038415729864
459,7,BNCI2014-008,14,0.0,12,0.9063657640341455,0.8347755102040817,0.9784080806679221,0.9850468221768656
460,7,BNCI2014-008,14,0.0,13,0.9097197128158742,0.8378775510204082,0.9773619812194125,0.9846338296870231
461,7,BNCI2014-008,14,0.0,14,0.9099453897902652,0.8388571428571429,0.9762070237802947,0.9838772768524718
462,7,BNCI2014-008,14,0.0,15,0.9099236813839109,0.8388571428571427,0.9726729872441607,0.9824651329021049
463,7,BNCI2014-008,14,0.0,16,0.9103913166374582,0.8368979591836734,0.9719920058281655,0.9815191192468337
464,7,BNCI2014-008,14,0.0,17,0.9122274860082538,0.8391836734693878,0.9716419266707598,0.9809527385692873
465,7,BNCI2014-008,14,0.0,18,0.9135770252699417,0.8370612244897959,0.9701783048181362,0.9788231443609372
466,7,BNCI2014-008,14,0.0,19,0.9140188817909435,0.8373877551020407,0.9697733230743517,0.9786240885187105
467,7,BNCI2014-008,14,0.0,20,0.9142811917010571,0.8372244897959185,0.9689560389619906,0.9781860421277763
468,7,BNCI2014-008,14,0.0,21,0.9142834529933856,0.8372244897959185,0.9682044446514708,0.9779378677039268
469,7,BNCI2014-008,14,0.0,22,0.9142567697439086,0.8380408163265307,0.967999709885581,0.9773550179375634
470,7,BNCI2014-008,14,0.0,23,0.9144001356775396,0.8391836734693877,0.9666087534885954,0.9756012968762147
471,7,BNCI2014-008,14,0.0,24,0.9144711402566567,0.8388571428571429,0.9664853972451669,0.9756616601955306
472,7,BNCI2014-008,14,0.0,25,0.9144734015489853,0.84,0.9644391439153108,0.9741865619886985
473,7,BNCI2014-008,14,0.0,26,0.9144923964045453,0.84,0.9638079600499837,0.9736683103528648
474,7,BNCI2014-008,14,0.0,27,0.9146113403810278,0.8388571428571429,0.9634816150652711,0.973021614866909
475,7,BNCI2014-008,14,0.0,28,0.914656566227599,0.8391836734693876,0.9632902615064932,0.973401279311666
476,7,BNCI2014-008,14,0.0,29,0.9146959127141162,0.8393469387755101,0.9632301879862035,0.973364405784821
477,7,BNCI2014-008,14,0.0,30,0.9150667646560009,0.8383673469387755,0.9626401813057132,0.9729041371837943
478,7,BNCI2014-008,14,0.0,31,0.9148826954604556,0.8388571428571427,0.9611145080995368,0.9715833786346156
479,7,BNCI2014-008,14,0.0,32,0.9148967154728928,0.8380408163265305,0.9527590125870768,0.9615073568555963
480,7,BNCI2014-008,15,0.0,1,0.8522548476454294,0.8306938775510203,0.9963698141252754,1.0069951688167151
481,7,BNCI2014-008,15,0.0,2,0.8730510486743173,0.8638367346938775,0.9918337795993641,0.9981221402800408
482,7,BNCI2014-008,15,0.0,3,0.8900369721295722,0.8950204081632653,0.9892192638917613,0.9978627064138336
483,7,BNCI2014-008,15,0.0,4,0.8905756119622366,0.8948571428571428,0.9879162911761595,0.9959642801139329
484,7,BNCI2014-008,15,0.0,5,0.8918446492170274,0.8991020408163265,0.987364385191181,0.9959276166786246
485,7,BNCI2014-008,15,0.0,6,0.8952365877098762,0.9069387755102041,0.9856533135116673,0.9942583872674493
486,7,BNCI2014-008,15,0.0,7,0.8961469840013566,0.9066122448979592,0.984255071009637,0.9914629675128479
487,7,BNCI2014-008,15,0.0,8,0.8961284414042627,0.9061224489795918,0.9809464512664509,0.9888977538975939
488,7,BNCI2014-008,15,0.0,9,0.9002136921250495,0.9082448979591836,0.9787357713899305,0.9879293341636962
489,7,BNCI2014-008,15,0.0,10,0.9002729379840579,0.9084081632653062,0.978075433265584,0.9872925468621747
490,7,BNCI2014-008,15,0.0,11,0.9005135394878172,0.910530612244898,0.9764061604829537,0.9870328716653787
491,7,BNCI2014-008,15,0.0,12,0.9005289162756515,0.910530612244898,0.9754640375487512,0.986297593713197
492,7,BNCI2014-008,15,0.0,13,0.902770309231726,0.9126530612244899,0.9740262669660045,0.9857718894730662
493,7,BNCI2014-008,15,0.0,14,0.9037177907173951,0.9183673469387756,0.9730835761941559,0.985267305136132
494,7,BNCI2014-008,15,0.0,15,0.9040244219571485,0.9162448979591837,0.9727259298090626,0.9851132144321145
495,7,BNCI2014-008,15,0.0,16,0.904102662671717,0.9164081632653062,0.9724412072483394,0.9849349316311703
496,7,BNCI2014-008,15,0.0,17,0.9045001978630788,0.9165714285714286,0.9713537465148953,0.9837908302291258
497,7,BNCI2014-008,15,0.0,18,0.90457391599299,0.9177142857142857,0.9709946617187324,0.9835156818643801
498,7,BNCI2014-008,15,0.0,19,0.9047751710102323,0.9165714285714285,0.9667714428792357,0.9816324468819045
499,7,BNCI2014-008,15,0.0,20,0.904804115552038,0.9160816326530612,0.9658780214651316,0.981020700731444
500,7,BNCI2014-008,15,0.0,21,0.9049583356888461,0.9165714285714286,0.9607445222075832,0.9720872294041716
501,7,BNCI2014-008,15,0.0,22,0.9048932104697835,0.9167346938775509,0.9542661580452834,0.9688714854548304
502,7,BNCI2014-008,15,0.0,23,0.9048452710724177,0.9168979591836734,0.9531681256075865,0.9681578515495887
503,7,BNCI2014-008,15,0.0,24,0.9049809486121319,0.9172244897959185,0.9506050542082641,0.9658232879857449
504,7,BNCI2014-008,15,0.0,25,0.9054137599638193,0.9186938775510205,0.9484792645605749,0.9606914918033652
505,7,BNCI2014-008,15,0.0,26,0.9056276782181016,0.9191836734693877,0.9460179700386553,0.9581869372904923
506,7,BNCI2014-008,15,0.0,27,0.905643055005936,0.9201632653061225,0.9426253036616181,0.9558781654714573
507,7,BNCI2014-008,15,0.0,28,0.9054775284074849,0.9204897959183673,0.9400189441410197,0.9519968131377601
508,7,BNCI2014-008,15,0.0,29,0.9054987845553735,0.9209795918367347,0.9389971297731085,0.9516102169294164
509,7,BNCI2014-008,15,0.0,30,0.905624060150376,0.9213061224489796,0.9385052038464831,0.9505553264155626
510,7,BNCI2014-008,15,0.0,31,0.9055928543162417,0.9208163265306122,0.936099642987205,0.9498217151924658
511,7,BNCI2014-008,15,0.0,32,0.9056154672395273,0.9209795918367347,0.9352352328295959,0.9495386142943951
512,7,BNCI2014-008,16,0.0,1,0.849483860026005,0.8945306122448979,0.9958860938104304,1.0533255685059826
513,7,BNCI2014-008,16,0.0,2,0.8714251794900785,0.8845714285714286,0.9912778980100752,1.0488437880384645
514,7,BNCI2014-008,16,0.0,3,0.890574707445305,0.8976326530612244,0.9886548332909315,1.0468959812826701
515,7,BNCI2014-008,16,0.0,4,0.8911780202385663,0.8991020408163266,0.9874475452096113,1.0448493774427443
516,7,BNCI2014-008,16,0.0,5,0.8911807337893607,0.8995918367346938,0.9839328011555155,1.0412936148771728
517,7,BNCI2014-008,16,0.0,6,0.8916257561196224,0.8979591836734694,0.9775502508907203,1.0365045818074616
518,7,BNCI2014-008,16,0.0,7,0.8915945502854881,0.8981224489795919,0.9761765585730992,1.034216890767941
519,7,BNCI2014-008,16,0.0,8,0.8916795748770423,0.8986122448979592,0.974567864170926,1.0318461578018128
520,7,BNCI2014-008,16,0.0,9,0.8916402283905251,0.8986122448979592,0.9725219135880369,1.0300762434333035
521,7,BNCI2014-008,16,0.0,10,0.8916881677878907,0.897795918367347,0.9722338373688245,1.029512070677468
522,7,BNCI2014-008,16,0.0,11,0.89426875459325,0.896,0.9696312135364166,1.0253757719988663
523,7,BNCI2014-008,16,0.0,12,0.8943157894736842,0.8973061224489796,0.9690831586581865,1.0241200719375287
524,7,BNCI2014-008,16,0.0,13,0.8943795579173498,0.8979591836734694,0.9688691389193046,1.0239523058964446
525,7,BNCI2014-008,16,0.0,14,0.8997786194810334,0.8945306122448979,0.9686104217832621,1.0234839002113991
526,7,BNCI2014-008,16,0.0,15,0.9000287184125726,0.8925714285714286,0.9651356479453777,1.0230418973369608
527,7,BNCI2014-008,16,0.0,16,0.9012154446266042,0.8937142857142857,0.9639932066797443,1.0217192968126265
528,7,BNCI2014-008,16,0.0,17,0.9015460455650404,0.8958367346938776,0.961623293928338,1.0193549133537458
529,7,BNCI2014-008,16,0.0,18,0.9016364972581831,0.8945306122448979,0.9612380975086146,1.019309930245731
530,7,BNCI2014-008,16,0.0,19,0.9017047882865057,0.894204081632653,0.9598900043693832,1.0180783748921507
531,7,BNCI2014-008,16,0.0,20,0.9017138334558199,0.8950204081632653,0.958349013692285,1.0160028938322645
532,7,BNCI2014-008,16,0.0,21,0.9022018203403246,0.8922448979591836,0.956161962985576,1.0135990497274168
533,7,BNCI2014-008,16,0.0,22,0.9021972977556676,0.8919183673469387,0.9554597313142258,1.0120831463540847
534,7,BNCI2014-008,16,0.0,23,0.9038869353835717,0.8917551020408162,0.9504234997973902,1.0061179074044486
535,7,BNCI2014-008,16,0.0,24,0.9037878907795804,0.8893061224489796,0.9497319732464057,1.0036307542698188
536,7,BNCI2014-008,16,0.0,25,0.9037372378314207,0.8896326530612244,0.949390641360008,1.0035098572710686
537,7,BNCI2014-008,16,0.0,26,0.9036761829385493,0.8937142857142857,0.9486998851465814,1.0036662062832202
538,7,BNCI2014-008,16,0.0,27,0.9042799479902766,0.8911020408163264,0.9460558943416999,1.0020038323923721
539,7,BNCI2014-008,16,0.0,28,0.904384871954322,0.8909387755102041,0.9451344467595834,1.0007043197182677
540,7,BNCI2014-008,16,0.0,29,0.9058438577647125,0.8966530612244897,0.9393740268995603,0.991274201103978
541,7,BNCI2014-008,16,0.0,30,0.9060776753914862,0.8964897959183673,0.9367911370253841,0.9874172208572676
542,7,BNCI2014-008,16,0.0,31,0.906137825767426,0.8963265306122449,0.930527148006529,0.9811232539060962
543,7,BNCI2014-008,16,0.0,32,0.9059962688676578,0.896,0.9278791171444382,0.9800380324097165
544,7,BNCI2014-008,17,0.0,1,0.8503417943354628,0.8618775510204082,0.9960425494995275,0.9793496433362708
545,7,BNCI2014-008,17,0.0,2,0.8711524676352536,0.8912653061224489,0.991243750408375,0.9756631853549108
546,7,BNCI2014-008,17,0.0,3,0.8892238114082199,0.9119999999999999,0.9889259723927887,0.9726835959630857
547,7,BNCI2014-008,17,0.0,4,0.8892423540053142,0.9118367346938776,0.9877058859903468,0.9725893918530378
548,7,BNCI2014-008,17,0.0,5,0.8892663237039968,0.9100408163265306,0.9860500866161757,0.9699364802546268
549,7,BNCI2014-008,17,0.0,6,0.8893915992989994,0.9103673469387754,0.978770490460047,0.9652079793504028
550,7,BNCI2014-008,17,0.0,7,0.889371699926508,0.910530612244898,0.9730744728743463,0.9599732148006205
551,7,BNCI2014-008,17,0.0,8,0.890700887557239,0.9097142857142857,0.9686361488821484,0.9567929777954775
552,7,BNCI2014-008,17,0.0,9,0.8933968002713552,0.9069387755102041,0.9669369607025775,0.9554225574416327
553,7,BNCI2014-008,17,0.0,10,0.8933764486403981,0.9072653061224489,0.9666006305356986,0.9551546632439907
554,7,BNCI2014-008,17,0.0,11,0.8942067951834474,0.9067755102040815,0.9637120204141246,0.9529295531473339
555,7,BNCI2014-008,17,0.0,12,0.8942447848945674,0.9069387755102041,0.9605028740035474,0.9497528885418296
556,7,BNCI2014-008,17,0.0,13,0.894552772909718,0.909061224489796,0.9575363137246552,0.9472250398351063
557,7,BNCI2014-008,17,0.0,14,0.894522923850981,0.9088979591836734,0.9541733312440279,0.9436754896703095
558,7,BNCI2014-008,17,0.0,15,0.8945383006388152,0.907591836734694,0.9506178837294141,0.9401649712920166
559,7,BNCI2014-008,17,0.0,16,0.8945799084176607,0.9079183673469389,0.9470967257226932,0.9363450964302077
560,7,BNCI2014-008,17,0.0,17,0.8948530725309515,0.9067755102040815,0.9468362241703675,0.9358545762983341
561,7,BNCI2014-008,17,0.0,18,0.8950674430436996,0.907591836734694,0.9437212500414474,0.9328229313892162
562,7,BNCI2014-008,17,0.0,19,0.8950583978743851,0.9074285714285715,0.9405065102373417,0.9297023083202638
563,7,BNCI2014-008,17,0.0,20,0.8950837243484652,0.9074285714285715,0.9373125672471037,0.9266096041541692
564,7,BNCI2014-008,17,0.0,21,0.895112216631805,0.9077551020408164,0.9339840310349022,0.9237159579180476
565,7,BNCI2014-008,17,0.0,22,0.8951190005087908,0.9079183673469389,0.9305835236060542,0.9205932121132226
566,7,BNCI2014-008,17,0.0,23,0.8951063372717508,0.9085714285714286,0.9274244217486766,0.9180132997946354
567,7,BNCI2014-008,17,0.0,24,0.895128045678105,0.9082448979591836,0.9241648033859535,0.9150294716260136
568,7,BNCI2014-008,17,0.0,25,0.8951330205212279,0.9082448979591836,0.9211654377996096,0.9126342111912104
569,7,BNCI2014-008,17,0.0,26,0.8951637740968963,0.9090612244897958,0.9178419127410388,0.909353055118683
570,7,BNCI2014-008,17,0.0,27,0.8951773418508677,0.9087346938775509,0.9146470550927019,0.9067914810694142
571,7,BNCI2014-008,17,0.0,28,0.8952940245350217,0.9093877551020408,0.9107249232896061,0.9026047766281828
572,7,BNCI2014-008,17,0.0,29,0.8952840748487761,0.9088979591836734,0.9067541766869993,0.899428497366793
573,7,BNCI2014-008,17,0.0,30,0.895383571711233,0.908734693877551,0.9019326821195545,0.8941322077180465
574,7,BNCI2014-008,17,0.0,31,0.8953935213974787,0.9085714285714286,0.8973513434786873,0.8904947104850582
575,7,BNCI2014-008,17,0.0,32,0.90052484594946,0.901061224489796,0.894930910526126,0.8916699079154231
576,7,BNCI2014-008,18,0.0,1,0.8542949855842614,0.7812244897959184,0.9959941673256067,1.028814713954893
577,7,BNCI2014-008,18,0.0,2,0.8759364576855674,0.806204081632653,0.9912969439208998,1.0228533112421072
578,7,BNCI2014-008,18,0.0,3,0.8933289615014982,0.8259591836734693,0.9887774905787503,1.0187736562469256
579,7,BNCI2014-008,18,0.0,4,0.8936089094917746,0.8212244897959183,0.9877402627445834,1.0173832158299294
580,7,BNCI2014-008,18,0.0,5,0.8956861326247951,0.828408163265306,0.98706173976623,1.0168778041225397
581,7,BNCI2014-008,18,0.0,6,0.8991110859856408,0.8204081632653062,0.9852188787967386,1.0153330964663494
582,7,BNCI2014-008,18,0.0,7,0.8995502289558482,0.8208979591836733,0.984574045934558,1.0146579697111484
583,7,BNCI2014-008,18,0.0,8,0.9001205268811125,0.8186122448979594,0.983057013990734,1.0141305429698138
584,7,BNCI2014-008,18,0.0,9,0.9001616824014924,0.8186122448979591,0.9793111473473364,1.0125966980682495
585,7,BNCI2014-008,18,0.0,10,0.9034636214596641,0.816,0.9778070291766018,1.0109851823642992
586,7,BNCI2014-008,18,0.0,11,0.9035083950477699,0.8151836734693878,0.9763329294048886,1.011208526240476
587,7,BNCI2014-008,18,0.0,12,0.9035916106054611,0.8160000000000001,0.9750544530127899,1.0085285845744505
588,7,BNCI2014-008,18,0.0,13,0.9036400022612923,0.8146938775510204,0.9746191104597938,1.008760450016496
589,7,BNCI2014-008,18,0.0,14,0.9040407032619142,0.8191020408163265,0.9730317634782357,1.0071047752958409
590,7,BNCI2014-008,18,0.0,15,0.9045901972977557,0.8205714285714286,0.9724876791013797,1.0067106653446156
591,7,BNCI2014-008,18,0.0,16,0.9084945446322573,0.8031020408163265,0.9707379052007636,1.0050373434146445
592,7,BNCI2014-008,18,0.0,17,0.9085357001526371,0.8048979591836735,0.9703871088070546,1.004833437257599
593,7,BNCI2014-008,18,0.0,18,0.9099001639436938,0.804734693877551,0.9692850642170339,1.0042695643116075
594,7,BNCI2014-008,18,0.0,19,0.9110199559047997,0.8055510204081632,0.9658675443555158,1.0038700865630423
595,7,BNCI2014-008,18,0.0,20,0.9111755328170049,0.8047346938775509,0.9599762715507113,1.0036710620858804
596,7,BNCI2014-008,18,0.0,21,0.9111384476228165,0.8045714285714286,0.9572560128156345,1.000890604988544
597,7,BNCI2014-008,18,0.0,22,0.9110972921024365,0.8045714285714285,0.9559921281914773,1.0001337355019027
598,7,BNCI2014-008,18,0.0,23,0.9116106054610211,0.8062040816326531,0.9536296271639872,0.9977250009934955
599,7,BNCI2014-008,18,0.0,24,0.911569449940641,0.8060408163265306,0.9531411497439236,0.9976476962136079
600,7,BNCI2014-008,18,0.0,25,0.9115264853863982,0.8057142857142857,0.9529993540274216,0.9975116219990628
601,7,BNCI2014-008,18,0.0,26,0.9116178415964724,0.8058775510204081,0.9511947528763018,0.994046400230088
602,7,BNCI2014-008,18,0.0,27,0.9117657301147606,0.8068571428571429,0.9493660379765474,0.9931389392955714
603,7,BNCI2014-008,18,0.0,28,0.9121094465487023,0.8066938775510205,0.9490906106481939,0.9932226818870323
604,7,BNCI2014-008,18,0.0,29,0.9124608513765617,0.8083265306122448,0.9475825948045106,0.9916450823316024
605,7,BNCI2014-008,18,0.0,30,0.9124585900842331,0.8078367346938776,0.9465596726785365,0.9915753138610474
606,7,BNCI2014-008,18,0.0,31,0.9125015546384759,0.8066938775510203,0.9455345648159535,0.9911678492438721
607,7,BNCI2014-008,18,0.0,32,0.9123043699474248,0.8075102040816327,0.9428443107894314,0.9863769845085241
608,7,BNCI2014-008,19,0.0,1,0.8526383628243541,0.8132244897959183,0.9962594308001991,1.0109643383663491
609,7,BNCI2014-008,19,0.0,2,0.8737837073887726,0.8537142857142856,0.9916159419647893,1.004562274375598
610,7,BNCI2014-008,19,0.0,3,0.8930860987054101,0.8543673469387755,0.9888056522266203,1.0025950714456244
611,7,BNCI2014-008,19,0.0,4,0.893522980383289,0.8486530612244897,0.9876204245360285,1.0003806373989625
612,7,BNCI2014-008,19,0.0,5,0.8947580982531517,0.8421224489795919,0.9870666513244429,0.9998413019125127
613,7,BNCI2014-008,19,0.0,6,0.8973210469783481,0.8434285714285714,0.9857788408665887,0.9987116824787373
614,7,BNCI2014-008,19,0.0,7,0.8976430550059359,0.8427755102040817,0.9854273675263162,0.9985921008402805
615,7,BNCI2014-008,19,0.0,8,0.8976439595228671,0.842938775510204,0.9831604547988738,0.9962736662130814
616,7,BNCI2014-008,19,0.0,9,0.8974445135394878,0.8440816326530612,0.9823976780369025,0.9956970619457396
617,7,BNCI2014-008,19,0.0,10,0.8985724461529764,0.843265306122449,0.9792419651772272,0.9925070300043132
618,7,BNCI2014-008,19,0.0,11,0.9021692577307932,0.854530612244898,0.9777073804914148,0.9910117944199224
619,7,BNCI2014-008,19,0.0,12,0.9024908134999152,0.8558367346938776,0.9744286161457012,0.9889518555168537
620,7,BNCI2014-008,19,0.0,13,0.9044174345638533,0.8501224489795918,0.9728588260934505,0.9864058321634976
621,7,BNCI2014-008,19,0.0,14,0.9053450166770308,0.8535510204081633,0.965901325820995,0.9795075783914444
622,7,BNCI2014-008,19,0.0,15,0.9053649160495223,0.851591836734694,0.9653191455917092,0.978149886927542
623,7,BNCI2014-008,19,0.0,16,0.9063910905082254,0.8543673469387755,0.9637401812651818,0.9755433203639512
624,7,BNCI2014-008,19,0.0,17,0.9064340550624682,0.8543673469387756,0.9627148541924514,0.973994339635992
625,7,BNCI2014-008,19,0.0,18,0.9063716433941997,0.8537142857142858,0.9621027964116271,0.9729186396569242
626,7,BNCI2014-008,19,0.0,19,0.9063639550002827,0.8537142857142856,0.960571463311971,0.9731455045624543
627,7,BNCI2014-008,19,0.0,20,0.9064620950873423,0.8546938775510204,0.9552122126230697,0.970421741726238
628,7,BNCI2014-008,19,0.0,21,0.9065204364294194,0.8558367346938776,0.954094305267021,0.9688515444095408
629,7,BNCI2014-008,19,0.0,22,0.9064960144722709,0.8546938775510204,0.9528073914371717,0.9681972414666093
630,7,BNCI2014-008,19,0.0,23,0.9067275708067161,0.8553469387755102,0.9513652608653811,0.9667473747464586
631,7,BNCI2014-008,19,0.0,24,0.906782746339533,0.8560000000000001,0.9507056660311239,0.9657849517638132
632,7,BNCI2014-008,19,0.0,25,0.9073430945785517,0.8556734693877551,0.9495254756046916,0.9658800040667239
633,7,BNCI2014-008,19,0.0,26,0.9078663576233817,0.8568163265306122,0.9481728834766184,0.9653840751491435
634,7,BNCI2014-008,19,0.0,27,0.9078396743739047,0.8564897959183674,0.9466825992507241,0.9637857930681756
635,7,BNCI2014-008,19,0.0,28,0.9083299225507377,0.8587755102040816,0.9454584197196915,0.9628078878568181
636,7,BNCI2014-008,19,0.0,29,0.9083249477076148,0.8587755102040816,0.9421451272341339,0.9605160263587176
637,7,BNCI2014-008,19,0.0,30,0.908321781898355,0.8586122448979592,0.9402120310112314,0.9589316787675043
638,7,BNCI2014-008,19,0.0,31,0.908305952852055,0.8584489795918367,0.937538994210147,0.9556272626878629
639,7,BNCI2014-008,19,0.0,32,0.9083285657753406,0.8591020408163266,0.9321484556134295,0.9465219961234485
